,Name,Contact Information,Rating,Number of Ratings,Longitude,Latitude,Types
0,فندق ميرا,9200 08155,3.7,1336,46.69398469999999,24.7012777,"['lodging', 'restaurant', 'food', 'point_of_interest', 'establishment']"
1,مركز ماي كار لصيانة السيارات الاوروبية,,3.5,2755,46.5764369,24.85175139999999,"['restaurant', 'food', 'point_of_interest', 'establishment']"
2,Luthan Hotel and Spa,011 480 7799,4.0,423,46.6417087,24.7066487,"['spa', 'lodging', 'restaurant', 'food', 'point_of_interest', 'establishment']"
3,Dining Hall,011 467 5591,3.0,27,46.6196551,24.7209893,"['restaurant', 'point_of_interest', 'food', 'establishment']"
4,Sushi Yoshi,011 812 0055,4.0,1721,46.7061255,24.7048211,"['restaurant', 'point_of_interest', 'food', 'establishment']"
5,Najd Village,9200 33511,3.9,11310,46.70469529999999,24.7426043,"['restaurant', 'food', 'point_of_interest', 'establishment']"
6,Wooden Bakery,050 133 8321,4.3,10550,46.7226815,24.6941192,"['bakery', 'restaurant', 'food', 'point_of_interest', 'store', 'establishment']"
7,Najd Village,9200 33511,3.8,8468,46.66923329999999,24.6976883,"['restaurant', 'food', 'point_of_interest', 'establishment']"
8,KFC,9200 21111,3.7,2198,46.737091,24.59506409999999,"['restaurant', 'point_of_interest', 'food', 'establishment']"
9,McDonald's,800 121 2345,3.9,2735,46.69138399999999,24.570255,"['restaurant', 'food', 'point_of_interest', 'establishment']"
10,Domino's Pizza,9200 12345,3.8,589,46.6049938,24.692347,"['meal_delivery', 'meal_takeaway', 'restaurant', 'food', 'point_of_interest', 'establishment']"
11,Mama Noura,9200 12026,4.3,23691,46.70188479999999,24.6916263,"['restaurant', 'food', 'point_of_interest', 'establishment']"
12,Burger King - Al Quds,,3.6,1707,46.740762,24.75733899999999,"['restaurant', 'food', 'point_of_interest', 'establishment']"
13,Derati Restaurant,011 202 0203,3.7,1331,46.58854249999999,24.6368753,"['restaurant', 'food', 'point_of_interest', 'establishment']"
14,Kudu - Al Rayyan,9200 06999,3.8,1803,46.7889345,24.7092575,"['restaurant', 'meal_delivery', 'meal_takeaway', 'point_of_interest', 'food', 'establishment']"
15,Dominos,9200 12345,3.8,639,46.6240752,24.8105963,"['meal_delivery', 'meal_takeaway', 'restaurant', 'point_of_interest', 'food', 'establishment']"
16,Derati Restaurants & Kitchens,9200 08273,3.8,994,46.66901430000001,24.5881775,"['restaurant', 'food', 'point_of_interest', 'establishment']"
17,Hardee's,9200 01213,3.3,827,46.6436339,24.6008518,"['restaurant', 'point_of_interest', 'food', 'establishment']"
18,KFC,9200 21111,3.5,975,46.6441676,24.6004069,"['restaurant', 'point_of_interest', 'food', 'establishment']"
19,Kudu - Al Malaz,9200 06999,3.9,1944,46.72442909999999,24.6663876,"['restaurant', 'meal_delivery', 'meal_takeaway', 'food', 'point_of_interest', 'establishment']"
20,Mama Noura,011 266 6623,4.1,11464,46.6653609,24.5717473,"['restaurant', 'food', 'point_of_interest', 'establishment']"
21,قصر الهند,011 278 2394,3.8,6168,46.75289959999999,24.75744370000001,"['restaurant', 'food', 'point_of_interest', 'establishment']"
22,Herfy,9200 01111,3.8,1376,46.6983362,24.6940569,"['restaurant', 'food', 'point_of_interest', 'establishment']"
23,Al Jalab Restaurant,011 450 7979,4.3,1543,46.6870006,24.7337823,"['restaurant', 'point_of_interest', 'food', 'establishment']"
24,Al Romansiah,9200 00144,4.1,8499,46.81412389999999,24.7587183,"['restaurant', 'food', 'point_of_interest', 'establishment']"
25,Al Nafoura Restaurant,011 267 0815,3.3,1007,46.6251475,24.5884052,"['restaurant', 'food', 'point_of_interest', 'establishment']"
26,Diet Center - دايت سنتر,9200 17373,4.1,74,46.784153,24.681048,"['grocery_or_supermarket', 'health', 'restaurant', 'food', 'point_of_interest', 'store', 'establishment']"
27,KFC,9200 21111,3.6,1452,46.7923858,24.6840264,"['restaurant', 'food', 'point_of_interest', 'establishment']"
28,Herfy,9200 01111,3.7,380,46.6575254,24.7559561,"['restaurant', 'food', 'point_of_interest', 'establishment']"
29,Kudu - Al Seteen Palace,9200 06999,3.9,2399,46.7231741,24.6905735,"['restaurant', 'meal_delivery', 'meal_takeaway', 'food', 'point_of_interest', 'establishment']"
30,Little Caesars Pizza! Pizza! !ليتل سيزرز بيتزا! بيتزا,011 455 9562,3.7,649,46.6625465,24.7579306,"['meal_delivery', 'restaurant', 'food', 'point_of_interest', 'establishment']"
31,Al Saudi Restaurant,9200 09515,3.9,4618,46.70311350000001,24.6957429,"['restaurant', 'food', 'point_of_interest', 'establishment']"
32,Little Caesars Pizza! Pizza! !ليتل سيزرز بيتزا! بيتزا,011 449 6563,3.9,790,46.63085969999999,24.5802744,"['meal_delivery', 'restaurant', 'point_of_interest', 'food', 'establishment']"
33,Little Caesars Pizza! Pizza! !ليتل سيزرز بيتزا! بيتزا,011 470 7591,3.9,719,46.65586740000001,24.7247857,"['meal_delivery', 'restaurant', 'food', 'point_of_interest', 'establishment']"
34,Burger King - Bin Turkey,,3.7,681,46.619087,24.746228,"['restaurant', 'food', 'point_of_interest', 'establishment']"
35,Burger King - Exit 28,,3.8,1294,46.6212052,24.5681274,"['restaurant', 'food', 'point_of_interest', 'establishment']"
36,KFC,9200 21111,3.6,1311,46.713719,24.6382089,"['restaurant', 'point_of_interest', 'food', 'establishment']"
37,TOKYO,9200 09662,4.3,7203,46.68670509999999,24.7181459,"['restaurant', 'food', 'point_of_interest', 'establishment']"
38,Sheikh Al-Mandi Restaurant,011 464 4099,3.5,2022,46.70186499999999,24.693749,"['restaurant', 'food', 'point_of_interest', 'establishment']"
39,Kudu - Al Wurud,9200 06999,4.0,1024,46.6758245,24.7322926,"['restaurant', 'meal_delivery', 'meal_takeaway', 'food', 'point_of_interest', 'establishment']"
40,Al Romansiah,9200 00144,4.2,9584,46.7069578,24.5620929,"['restaurant', 'point_of_interest', 'food', 'establishment']"
41,Subway,,3.7,452,46.7834343,24.7289012,"['restaurant', 'point_of_interest', 'food', 'establishment']"
42,Herfy,9200 01111,3.8,896,46.6736126,24.7609124,"['restaurant', 'food', 'point_of_interest', 'establishment']"
43,برجر كاسل,011 281 8775,4.1,1057,46.6345087,24.714561,"['restaurant', 'food', 'point_of_interest', 'establishment']"
44,وايت قاردن,011 462 7799,4.2,4534,46.6836945,24.6943084,"['restaurant', 'bar', 'night_club', 'point_of_interest', 'food', 'establishment']"
45,Al Tazaj,9200 00765,3.6,4796,46.6443952,24.6002206,"['restaurant', 'food', 'point_of_interest', 'establishment']"
46,McDonald's,800 121 2345,3.7,2042,46.640038,24.598766,"['restaurant', 'food', 'point_of_interest', 'establishment']"
47,Subway,,3.8,341,46.65607869999999,24.608878,"['restaurant', 'point_of_interest', 'food', 'establishment']"
48,McDonald's,800 121 2345,3.9,3568,46.794646,24.713222,"['restaurant', 'food', 'point_of_interest', 'establishment']"
49,KFC,9200 21111,3.8,1219,46.6889225,24.62540690000001,"['restaurant', 'point_of_interest', 'food', 'establishment']"
50,Herfy,9200 01111,3.5,746,46.675,24.6755556,"['restaurant', 'food', 'point_of_interest', 'establishment']"
51,Fairmont Riyadh,011 826 2626,4.7,5105,46.7182893,24.8082207,"['lodging', 'restaurant', 'point_of_interest', 'food', 'establishment']"
52,Burger King - Exit 8 Dammam Rd,,3.7,1210,46.743149,24.800591,"['restaurant', 'food', 'point_of_interest', 'establishment']"
53,Al Romansiah Restaurant - Al Nasseem District,9200 00144,4.2,8154,46.81462699999999,24.7335149,"['restaurant', 'food', 'point_of_interest', 'establishment']"
54,Al Romansiah,9200 00144,4.2,9460,46.792399,24.695811,"['restaurant', 'point_of_interest', 'food', 'establishment']"
55,KFC,9200 21111,3.5,1825,46.76440969999999,24.7327532,"['restaurant', 'point_of_interest', 'food', 'establishment']"
56,Herfy,9200 01111,3.6,872,46.750084,24.7795459,"['restaurant', 'point_of_interest', 'food', 'establishment']"
57,Herfy,9200 01111,3.8,1081,46.7975115,24.7809607,"['restaurant', 'food', 'point_of_interest', 'establishment']"
58,Burger King - Rawdah,,3.7,1370,46.76226500000001,24.735643,"['restaurant', 'point_of_interest', 'food', 'establishment']"
59,KFC,9200 21111,3.4,1705,46.61225279999999,24.5724179,"['restaurant', 'food', 'point_of_interest', 'establishment']"
60,فندق ميرا,9200 08155,3.7,1336,46.69398469999999,24.7012777,"['lodging', 'restaurant', 'point_of_interest', 'food', 'establishment']"
61,مركز ماي كار لصيانة السيارات الاوروبية,,3.5,2755,46.5764369,24.85175139999999,"['restaurant', 'food', 'point_of_interest', 'establishment']"
62,Luthan Hotel and Spa,011 480 7799,4.0,423,46.6417087,24.7066487,"['spa', 'lodging', 'restaurant', 'food', 'point_of_interest', 'establishment']"
63,Dining Hall,011 467 5591,3.0,27,46.6196551,24.7209893,"['restaurant', 'point_of_interest', 'food', 'establishment']"
64,Sushi Yoshi,011 812 0055,4.0,1721,46.7061255,24.7048211,"['restaurant', 'food', 'point_of_interest', 'establishment']"
65,Najd Village,9200 33511,3.9,11310,46.70469529999999,24.7426043,"['restaurant', 'food', 'point_of_interest', 'establishment']"
66,Wooden Bakery,050 133 8321,4.3,10550,46.7226815,24.6941192,"['bakery', 'restaurant', 'point_of_interest', 'store', 'food', 'establishment']"
67,Najd Village,9200 33511,3.8,8468,46.66923329999999,24.6976883,"['restaurant', 'food', 'point_of_interest', 'establishment']"
68,KFC,9200 21111,3.7,2198,46.737091,24.59506409999999,"['restaurant', 'food', 'point_of_interest', 'establishment']"
69,McDonald's,800 121 2345,3.9,2735,46.69138399999999,24.570255,"['restaurant', 'food', 'point_of_interest', 'establishment']"
70,Domino's Pizza,9200 12345,3.8,589,46.6049938,24.692347,"['meal_delivery', 'meal_takeaway', 'restaurant', 'food', 'point_of_interest', 'establishment']"
71,Mama Noura,9200 12026,4.3,23691,46.70188479999999,24.6916263,"['restaurant', 'food', 'point_of_interest', 'establishment']"
72,Burger King - Al Quds,,3.6,1707,46.740762,24.75733899999999,"['restaurant', 'point_of_interest', 'food', 'establishment']"
73,Derati Restaurant,011 202 0203,3.7,1331,46.58854249999999,24.6368753,"['restaurant', 'point_of_interest', 'food', 'establishment']"
74,Kudu - Al Rayyan,9200 06999,3.8,1803,46.7889345,24.7092575,"['restaurant', 'meal_delivery', 'meal_takeaway', 'food', 'point_of_interest', 'establishment']"
75,Dominos,9200 12345,3.8,639,46.6240752,24.8105963,"['meal_delivery', 'meal_takeaway', 'restaurant', 'food', 'point_of_interest', 'establishment']"
76,Derati Restaurants & Kitchens,9200 08273,3.8,994,46.66901430000001,24.5881775,"['restaurant', 'food', 'point_of_interest', 'establishment']"
77,Hardee's,9200 01213,3.3,827,46.6436339,24.6008518,"['restaurant', 'food', 'point_of_interest', 'establishment']"
78,KFC,9200 21111,3.5,975,46.6441676,24.6004069,"['restaurant', 'point_of_interest', 'food', 'establishment']"
79,Kudu - Al Malaz,9200 06999,3.9,1944,46.72442909999999,24.6663876,"['restaurant', 'meal_delivery', 'meal_takeaway', 'food', 'point_of_interest', 'establishment']"
80,Mama Noura,011 266 6623,4.1,11464,46.6653609,24.5717473,"['restaurant', 'food', 'point_of_interest', 'establishment']"
81,قصر الهند,011 278 2394,3.8,6168,46.75289959999999,24.75744370000001,"['restaurant', 'food', 'point_of_interest', 'establishment']"
82,Herfy,9200 01111,3.8,1376,46.6983362,24.6940569,"['restaurant', 'point_of_interest', 'food', 'establishment']"
83,Al Jalab Restaurant,011 450 7979,4.3,1543,46.6870006,24.7337823,"['restaurant', 'point_of_interest', 'food', 'establishment']"
84,Al Romansiah,9200 00144,4.1,8499,46.81412389999999,24.7587183,"['restaurant', 'point_of_interest', 'food', 'establishment']"
85,Al Nafoura Restaurant,011 267 0815,3.3,1007,46.6251475,24.5884052,"['restaurant', 'food', 'point_of_interest', 'establishment']"
86,Diet Center - دايت سنتر,9200 17373,4.1,74,46.784153,24.681048,"['health', 'grocery_or_supermarket', 'store', 'restaurant', 'point_of_interest', 'food', 'establishment']"
87,Herfy,9200 01111,3.7,380,46.6575254,24.7559561,"['restaurant', 'food', 'point_of_interest', 'establishment']"
88,KFC,9200 21111,3.6,1452,46.7923858,24.6840264,"['restaurant', 'food', 'point_of_interest', 'establishment']"
89,Kudu - Al Seteen Palace,9200 06999,3.9,2399,46.7231741,24.6905735,"['restaurant', 'meal_delivery', 'meal_takeaway', 'point_of_interest', 'food', 'establishment']"
90,Little Caesars Pizza! Pizza! !ليتل سيزرز بيتزا! بيتزا,011 455 9562,3.7,649,46.6625465,24.7579306,"['meal_delivery', 'restaurant', 'point_of_interest', 'food', 'establishment']"
91,Al Saudi Restaurant,9200 09515,3.9,4618,46.70311350000001,24.6957429,"['restaurant', 'point_of_interest', 'food', 'establishment']"
92,Little Caesars Pizza! Pizza! !ليتل سيزرز بيتزا! بيتزا,011 470 7591,3.9,719,46.65586740000001,24.7247857,"['meal_delivery', 'restaurant', 'food', 'point_of_interest', 'establishment']"
93,Burger King - Bin Turkey,,3.7,681,46.619087,24.746228,"['restaurant', 'point_of_interest', 'food', 'establishment']"
94,Little Caesars Pizza! Pizza! !ليتل سيزرز بيتزا! بيتزا,011 449 6563,3.9,790,46.63085969999999,24.5802744,"['meal_delivery', 'restaurant', 'food', 'point_of_interest', 'establishment']"
95,Burger King - Exit 28,,3.8,1294,46.6212052,24.5681274,"['restaurant', 'point_of_interest', 'food', 'establishment']"
96,KFC,9200 21111,3.6,1311,46.713719,24.6382089,"['restaurant', 'food', 'point_of_interest', 'establishment']"
97,TOKYO,9200 09662,4.3,7203,46.68670509999999,24.7181459,"['restaurant', 'point_of_interest', 'food', 'establishment']"
98,Sheikh Al-Mandi Restaurant,011 464 4099,3.5,2022,46.70186499999999,24.693749,"['restaurant', 'food', 'point_of_interest', 'establishment']"
99,Kudu - Al Wurud,9200 06999,4.0,1024,46.6758245,24.7322926,"['restaurant', 'meal_delivery', 'meal_takeaway', 'point_of_interest', 'food', 'establishment']"
100,Al Romansiah,9200 00144,4.2,9584,46.7069578,24.5620929,"['restaurant', 'food', 'point_of_interest', 'establishment']"
101,Subway,,3.7,452,46.7834343,24.7289012,"['restaurant', 'point_of_interest', 'food', 'establishment']"
102,Herfy,9200 01111,3.8,896,46.6736126,24.7609124,"['restaurant', 'point_of_interest', 'food', 'establishment']"
103,برجر كاسل,011 281 8775,4.1,1057,46.6345087,24.714561,"['restaurant', 'food', 'point_of_interest', 'establishment']"
104,وايت قاردن,011 462 7799,4.2,4534,46.6836945,24.6943084,"['restaurant', 'bar', 'night_club', 'point_of_interest', 'food', 'establishment']"
105,Al Tazaj,9200 00765,3.6,4796,46.6443952,24.6002206,"['restaurant', 'point_of_interest', 'food', 'establishment']"
106,McDonald's,800 121 2345,3.7,2042,46.640038,24.598766,"['restaurant', 'food', 'point_of_interest', 'establishment']"
107,Subway,,3.8,341,46.65607869999999,24.608878,"['restaurant', 'food', 'point_of_interest', 'establishment']"
108,McDonald's,800 121 2345,3.9,3568,46.794646,24.713222,"['restaurant', 'point_of_interest', 'food', 'establishment']"
109,Herfy,9200 01111,3.5,746,46.675,24.6755556,"['restaurant', 'point_of_interest', 'food', 'establishment']"
110,KFC,9200 21111,3.8,1219,46.6889225,24.62540690000001,"['restaurant', 'food', 'point_of_interest', 'establishment']"
111,Fairmont Riyadh,011 826 2626,4.7,5105,46.7182893,24.8082207,"['lodging', 'restaurant', 'point_of_interest', 'food', 'establishment']"
112,Burger King - Exit 8 Dammam Rd,,3.7,1210,46.743149,24.800591,"['restaurant', 'point_of_interest', 'food', 'establishment']"
113,Al Romansiah Restaurant - Al Nasseem District,9200 00144,4.2,8154,46.81462699999999,24.7335149,"['restaurant', 'point_of_interest', 'food', 'establishment']"
114,Al Romansiah,9200 00144,4.2,9460,46.792399,24.695811,"['restaurant', 'food', 'point_of_interest', 'establishment']"
115,Herfy,9200 01111,3.6,872,46.750084,24.7795459,"['restaurant', 'point_of_interest', 'food', 'establishment']"
116,KFC,9200 21111,3.5,1825,46.76440969999999,24.7327532,"['restaurant', 'food', 'point_of_interest', 'establishment']"
117,Herfy,9200 01111,3.8,1081,46.7975115,24.7809607,"['restaurant', 'point_of_interest', 'food', 'establishment']"
118,Burger King - Rawdah,,3.7,1370,46.76226500000001,24.735643,"['restaurant', 'food', 'point_of_interest', 'establishment']"
119,KFC,9200 21111,3.8,2246,46.6647609,24.7045778,"['restaurant', 'point_of_interest', 'food', 'establishment']"
120,فندق ميرا,9200 08155,3.7,1336,46.69398469999999,24.7012777,"['lodging', 'restaurant', 'point_of_interest', 'food', 'establishment']"
121,مركز ماي كار لصيانة السيارات الاوروبية,,3.5,2755,46.5764369,24.85175139999999,"['restaurant', 'point_of_interest', 'food', 'establishment']"
122,Luthan Hotel and Spa,011 480 7799,4.0,423,46.6417087,24.7066487,"['spa', 'lodging', 'restaurant', 'food', 'point_of_interest', 'establishment']"
123,Dining Hall,011 467 5591,3.0,27,46.6196551,24.7209893,"['restaurant', 'point_of_interest', 'food', 'establishment']"
124,Sushi Yoshi,011 812 0055,4.0,1721,46.7061255,24.7048211,"['restaurant', 'food', 'point_of_interest', 'establishment']"
125,Najd Village,9200 33511,3.9,11310,46.70469529999999,24.7426043,"['restaurant', 'point_of_interest', 'food', 'establishment']"
126,Wooden Bakery,050 133 8321,4.3,10550,46.7226815,24.6941192,"['bakery', 'restaurant', 'point_of_interest', 'store', 'food', 'establishment']"
127,Najd Village,9200 33511,3.8,8468,46.66923329999999,24.6976883,"['restaurant', 'point_of_interest', 'food', 'establishment']"
128,KFC,9200 21111,3.7,2198,46.737091,24.59506409999999,"['restaurant', 'food', 'point_of_interest', 'establishment']"
129,McDonald's,800 121 2345,3.9,2735,46.69138399999999,24.570255,"['restaurant', 'food', 'point_of_interest', 'establishment']"
130,Domino's Pizza,9200 12345,3.8,589,46.6049938,24.692347,"['meal_delivery', 'meal_takeaway', 'restaurant', 'food', 'point_of_interest', 'establishment']"
131,Mama Noura,9200 12026,4.3,23691,46.70188479999999,24.6916263,"['restaurant', 'point_of_interest', 'food', 'establishment']"
132,Burger King - Al Quds,,3.6,1707,46.740762,24.75733899999999,"['restaurant', 'food', 'point_of_interest', 'establishment']"
133,Derati Restaurant,011 202 0203,3.7,1331,46.58854249999999,24.6368753,"['restaurant', 'food', 'point_of_interest', 'establishment']"
134,Kudu - Al Rayyan,9200 06999,3.8,1803,46.7889345,24.7092575,"['restaurant', 'meal_delivery', 'meal_takeaway', 'point_of_interest', 'food', 'establishment']"
135,Dominos,9200 12345,3.8,639,46.6240752,24.8105963,"['meal_delivery', 'meal_takeaway', 'restaurant', 'food', 'point_of_interest', 'establishment']"
136,Derati Restaurants & Kitchens,9200 08273,3.8,994,46.66901430000001,24.5881775,"['restaurant', 'food', 'point_of_interest', 'establishment']"
137,Hardee's,9200 01213,3.3,827,46.6436339,24.6008518,"['restaurant', 'point_of_interest', 'food', 'establishment']"
138,KFC,9200 21111,3.5,975,46.6441676,24.6004069,"['restaurant', 'point_of_interest', 'food', 'establishment']"
139,Kudu - Al Malaz,9200 06999,3.9,1944,46.72442909999999,24.6663876,"['restaurant', 'meal_delivery', 'meal_takeaway', 'food', 'point_of_interest', 'establishment']"
140,Mama Noura,011 266 6623,4.1,11464,46.6653609,24.5717473,"['restaurant', 'food', 'point_of_interest', 'establishment']"
141,قصر الهند,011 278 2394,3.8,6168,46.75289959999999,24.75744370000001,"['restaurant', 'point_of_interest', 'food', 'establishment']"
142,Herfy,9200 01111,3.8,1376,46.6983362,24.6940569,"['restaurant', 'food', 'point_of_interest', 'establishment']"
143,Al Jalab Restaurant,011 450 7979,4.3,1543,46.6870006,24.7337823,"['restaurant', 'food', 'point_of_interest', 'establishment']"
144,Al Romansiah,9200 00144,4.1,8499,46.81412389999999,24.7587183,"['restaurant', 'food', 'point_of_interest', 'establishment']"
145,Al Nafoura Restaurant,011 267 0815,3.3,1007,46.6251475,24.5884052,"['restaurant', 'food', 'point_of_interest', 'establishment']"
146,Diet Center - دايت سنتر,9200 17373,4.1,74,46.784153,24.681048,"['health', 'grocery_or_supermarket', 'store', 'restaurant', 'point_of_interest', 'food', 'establishment']"
147,Herfy,9200 01111,3.7,380,46.6575254,24.7559561,"['restaurant', 'food', 'point_of_interest', 'establishment']"
148,KFC,9200 21111,3.6,1452,46.7923858,24.6840264,"['restaurant', 'food', 'point_of_interest', 'establishment']"
149,Kudu - Al Seteen Palace,9200 06999,3.9,2399,46.7231741,24.6905735,"['restaurant', 'meal_delivery', 'meal_takeaway', 'food', 'point_of_interest', 'establishment']"
150,Little Caesars Pizza! Pizza! !ليتل سيزرز بيتزا! بيتزا,011 455 9562,3.7,649,46.6625465,24.7579306,"['meal_delivery', 'restaurant', 'point_of_interest', 'food', 'establishment']"
151,Al Saudi Restaurant,9200 09515,3.9,4618,46.70311350000001,24.6957429,"['restaurant', 'point_of_interest', 'food', 'establishment']"
152,Little Caesars Pizza! Pizza! !ليتل سيزرز بيتزا! بيتزا,011 449 6563,3.9,790,46.63085969999999,24.5802744,"['meal_delivery', 'restaurant', 'food', 'point_of_interest', 'establishment']"
153,Burger King - Bin Turkey,,3.7,681,46.619087,24.746228,"['restaurant', 'point_of_interest', 'food', 'establishment']"
154,Little Caesars Pizza! Pizza! !ليتل سيزرز بيتزا! بيتزا,011 470 7591,3.9,719,46.65586740000001,24.7247857,"['meal_delivery', 'restaurant', 'point_of_interest', 'food', 'establishment']"
155,Burger King - Exit 28,,3.8,1294,46.6212052,24.5681274,"['restaurant', 'food', 'point_of_interest', 'establishment']"
156,KFC,9200 21111,3.6,1311,46.713719,24.6382089,"['restaurant', 'point_of_interest', 'food', 'establishment']"
157,TOKYO,9200 09662,4.3,7203,46.68670509999999,24.7181459,"['restaurant', 'point_of_interest', 'food', 'establishment']"
158,Sheikh Al-Mandi Restaurant,011 464 4099,3.5,2022,46.70186499999999,24.693749,"['restaurant', 'food', 'point_of_interest', 'establishment']"
159,Kudu - Al Wurud,9200 06999,4.0,1024,46.6758245,24.7322926,"['restaurant', 'meal_delivery', 'meal_takeaway', 'point_of_interest', 'food', 'establishment']"
160,Al Romansiah,9200 00144,4.2,9584,46.7069578,24.5620929,"['restaurant', 'food', 'point_of_interest', 'establishment']"
161,Subway,,3.7,452,46.7834343,24.7289012,"['restaurant', 'food', 'point_of_interest', 'establishment']"
162,Herfy,9200 01111,3.8,896,46.6736126,24.7609124,"['restaurant', 'point_of_interest', 'food', 'establishment']"
163,برجر كاسل,011 281 8775,4.1,1057,46.6345087,24.714561,"['restaurant', 'point_of_interest', 'food', 'establishment']"
164,وايت قاردن,011 462 7799,4.2,4534,46.6836945,24.6943084,"['restaurant', 'bar', 'night_club', 'food', 'point_of_interest', 'establishment']"
165,Al Tazaj,9200 00765,3.6,4796,46.6443952,24.6002206,"['restaurant', 'food', 'point_of_interest', 'establishment']"
166,McDonald's,800 121 2345,3.7,2042,46.640038,24.598766,"['restaurant', 'food', 'point_of_interest', 'establishment']"
167,Subway,,3.8,341,46.65607869999999,24.608878,"['restaurant', 'food', 'point_of_interest', 'establishment']"
168,McDonald's,800 121 2345,3.9,3568,46.794646,24.713222,"['restaurant', 'food', 'point_of_interest', 'establishment']"
169,Herfy,9200 01111,3.5,746,46.675,24.6755556,"['restaurant', 'food', 'point_of_interest', 'establishment']"
170,KFC,9200 21111,3.8,1219,46.6889225,24.62540690000001,"['restaurant', 'food', 'point_of_interest', 'establishment']"
171,Fairmont Riyadh,011 826 2626,4.7,5105,46.7182893,24.8082207,"['lodging', 'restaurant', 'food', 'point_of_interest', 'establishment']"
172,Burger King - Exit 8 Dammam Rd,,3.7,1210,46.743149,24.800591,"['restaurant', 'food', 'point_of_interest', 'establishment']"
173,Al Romansiah Restaurant - Al Nasseem District,9200 00144,4.2,8154,46.81462699999999,24.7335149,"['restaurant', 'point_of_interest', 'food', 'establishment']"
174,Al Romansiah,9200 00144,4.2,9460,46.792399,24.695811,"['restaurant', 'point_of_interest', 'food', 'establishment']"
175,Herfy,9200 01111,3.6,872,46.750084,24.7795459,"['restaurant', 'food', 'point_of_interest', 'establishment']"
176,KFC,9200 21111,3.5,1825,46.76440969999999,24.7327532,"['restaurant', 'food', 'point_of_interest', 'establishment']"
177,Herfy,9200 01111,3.8,1081,46.7975115,24.7809607,"['restaurant', 'point_of_interest', 'food', 'establishment']"
178,Burger King - Rawdah,,3.7,1370,46.76226500000001,24.735643,"['restaurant', 'food', 'point_of_interest', 'establishment']"
179,KFC,9200 21111,3.4,1705,46.61225279999999,24.5724179,"['restaurant', 'food', 'point_of_interest', 'establishment']"
180,فندق ميرا,9200 08155,3.7,1336,46.69398469999999,24.7012777,"['lodging', 'restaurant', 'food', 'point_of_interest', 'establishment']"
181,مركز ماي كار لصيانة السيارات الاوروبية,,3.5,2755,46.5764369,24.85175139999999,"['restaurant', 'food', 'point_of_interest', 'establishment']"
182,Luthan Hotel and Spa,011 480 7799,4.0,423,46.6417087,24.7066487,"['spa', 'lodging', 'restaurant', 'food', 'point_of_interest', 'establishment']"
183,Dining Hall,011 467 5591,3.0,27,46.6196551,24.7209893,"['restaurant', 'food', 'point_of_interest', 'establishment']"
184,Sushi Yoshi,011 812 0055,4.0,1721,46.7061255,24.7048211,"['restaurant', 'food', 'point_of_interest', 'establishment']"
185,Najd Village,9200 33511,3.9,11310,46.70469529999999,24.7426043,"['restaurant', 'point_of_interest', 'food', 'establishment']"
186,Wooden Bakery,050 133 8321,4.3,10550,46.7226815,24.6941192,"['bakery', 'store', 'restaurant', 'food', 'point_of_interest', 'establishment']"
187,Najd Village,9200 33511,3.8,8468,46.66923329999999,24.6976883,"['restaurant', 'food', 'point_of_interest', 'establishment']"
188,KFC,9200 21111,3.7,2198,46.737091,24.59506409999999,"['restaurant', 'food', 'point_of_interest', 'establishment']"
189,McDonald's,800 121 2345,3.9,2735,46.69138399999999,24.570255,"['restaurant', 'point_of_interest', 'food', 'establishment']"
190,Domino's Pizza,9200 12345,3.8,589,46.6049938,24.692347,"['meal_delivery', 'meal_takeaway', 'restaurant', 'food', 'point_of_interest', 'establishment']"
191,Mama Noura,9200 12026,4.3,23691,46.70188479999999,24.6916263,"['restaurant', 'food', 'point_of_interest', 'establishment']"
192,Burger King - Al Quds,,3.6,1707,46.740762,24.75733899999999,"['restaurant', 'food', 'point_of_interest', 'establishment']"
193,Derati Restaurant,011 202 0203,3.7,1331,46.58854249999999,24.6368753,"['restaurant', 'food', 'point_of_interest', 'establishment']"
194,Kudu - Al Rayyan,9200 06999,3.8,1803,46.7889345,24.7092575,"['restaurant', 'meal_delivery', 'meal_takeaway', 'food', 'point_of_interest', 'establishment']"
195,Dominos,9200 12345,3.8,639,46.6240752,24.8105963,"['meal_delivery', 'meal_takeaway', 'restaurant', 'food', 'point_of_interest', 'establishment']"
196,Derati Restaurants & Kitchens,9200 08273,3.8,994,46.66901430000001,24.5881775,"['restaurant', 'point_of_interest', 'food', 'establishment']"
197,Hardee's,9200 01213,3.3,827,46.6436339,24.6008518,"['restaurant', 'point_of_interest', 'food', 'establishment']"
198,KFC,9200 21111,3.5,975,46.6441676,24.6004069,"['restaurant', 'point_of_interest', 'food', 'establishment']"
199,Kudu - Al Malaz,9200 06999,3.9,1944,46.72442909999999,24.6663876,"['restaurant', 'meal_delivery', 'meal_takeaway', 'food', 'point_of_interest', 'establishment']"
200,Mama Noura,011 266 6623,4.1,11464,46.6653609,24.5717473,"['restaurant', 'food', 'point_of_interest', 'establishment']"
201,قصر الهند,011 278 2394,3.8,6168,46.75289959999999,24.75744370000001,"['restaurant', 'food', 'point_of_interest', 'establishment']"
202,Herfy,9200 01111,3.8,1376,46.6983362,24.6940569,"['restaurant', 'point_of_interest', 'food', 'establishment']"
203,Al Jalab Restaurant,011 450 7979,4.3,1543,46.6870006,24.7337823,"['restaurant', 'food', 'point_of_interest', 'establishment']"
204,Al Romansiah,9200 00144,4.1,8499,46.81412389999999,24.7587183,"['restaurant', 'point_of_interest', 'food', 'establishment']"
205,Al Nafoura Restaurant,011 267 0815,3.3,1007,46.6251475,24.5884052,"['restaurant', 'food', 'point_of_interest', 'establishment']"
206,Diet Center - دايت سنتر,9200 17373,4.1,74,46.784153,24.681048,"['health', 'restaurant', 'point_of_interest', 'grocery_or_supermarket', 'store', 'food', 'establishment']"
207,KFC,9200 21111,3.6,1452,46.7923858,24.6840264,"['restaurant', 'food', 'point_of_interest', 'establishment']"
208,Herfy,9200 01111,3.7,380,46.6575254,24.7559561,"['restaurant', 'food', 'point_of_interest', 'establishment']"
209,Kudu - Al Seteen Palace,9200 06999,3.9,2399,46.7231741,24.6905735,"['restaurant', 'meal_delivery', 'meal_takeaway', 'food', 'point_of_interest', 'establishment']"
210,Little Caesars Pizza! Pizza! !ليتل سيزرز بيتزا! بيتزا,011 455 9562,3.7,649,46.6625465,24.7579306,"['meal_delivery', 'restaurant', 'food', 'point_of_interest', 'establishment']"
211,Al Saudi Restaurant,9200 09515,3.9,4618,46.70311350000001,24.6957429,"['restaurant', 'point_of_interest', 'food', 'establishment']"
212,Little Caesars Pizza! Pizza! !ليتل سيزرز بيتزا! بيتزا,011 449 6563,3.9,790,46.63085969999999,24.5802744,"['meal_delivery', 'restaurant', 'point_of_interest', 'food', 'establishment']"
213,Little Caesars Pizza! Pizza! !ليتل سيزرز بيتزا! بيتزا,011 470 7591,3.9,719,46.65586740000001,24.7247857,"['meal_delivery', 'restaurant', 'food', 'point_of_interest', 'establishment']"
214,Burger King - Bin Turkey,,3.7,681,46.619087,24.746228,"['restaurant', 'food', 'point_of_interest', 'establishment']"
215,Burger King - Exit 28,,3.8,1294,46.6212052,24.5681274,"['restaurant', 'point_of_interest', 'food', 'establishment']"
216,KFC,9200 21111,3.6,1311,46.713719,24.6382089,"['restaurant', 'food', 'point_of_interest', 'establishment']"
217,TOKYO,9200 09662,4.3,7203,46.68670509999999,24.7181459,"['restaurant', 'food', 'point_of_interest', 'establishment']"
218,Sheikh Al-Mandi Restaurant,011 464 4099,3.5,2022,46.70186499999999,24.693749,"['restaurant', 'point_of_interest', 'food', 'establishment']"
219,Kudu - Al Wurud,9200 06999,4.0,1024,46.6758245,24.7322926,"['restaurant', 'meal_delivery', 'meal_takeaway', 'food', 'point_of_interest', 'establishment']"
220,Al Romansiah,9200 00144,4.2,9584,46.7069578,24.5620929,"['restaurant', 'food', 'point_of_interest', 'establishment']"
221,Subway,,3.7,452,46.7834343,24.7289012,"['restaurant', 'food', 'point_of_interest', 'establishment']"
222,Herfy,9200 01111,3.8,896,46.6736126,24.7609124,"['restaurant', 'food', 'point_of_interest', 'establishment']"
223,برجر كاسل,011 281 8775,4.1,1057,46.6345087,24.714561,"['restaurant', 'food', 'point_of_interest', 'establishment']"
224,وايت قاردن,011 462 7799,4.2,4534,46.6836945,24.6943084,"['restaurant', 'bar', 'food', 'night_club', 'point_of_interest', 'establishment']"
225,Al Tazaj,9200 00765,3.6,4796,46.6443952,24.6002206,"['restaurant', 'point_of_interest', 'food', 'establishment']"
226,McDonald's,800 121 2345,3.7,2042,46.640038,24.598766,"['restaurant', 'food', 'point_of_interest', 'establishment']"
227,Subway,,3.8,341,46.65607869999999,24.608878,"['restaurant', 'food', 'point_of_interest', 'establishment']"
228,McDonald's,800 121 2345,3.9,3568,46.794646,24.713222,"['restaurant', 'food', 'point_of_interest', 'establishment']"
229,Herfy,9200 01111,3.5,746,46.675,24.6755556,"['restaurant', 'point_of_interest', 'food', 'establishment']"
230,KFC,9200 21111,3.8,1219,46.6889225,24.62540690000001,"['restaurant', 'food', 'point_of_interest', 'establishment']"
231,Fairmont Riyadh,011 826 2626,4.7,5105,46.7182893,24.8082207,"['lodging', 'restaurant', 'food', 'point_of_interest', 'establishment']"
232,Burger King - Exit 8 Dammam Rd,,3.7,1210,46.743149,24.800591,"['restaurant', 'point_of_interest', 'food', 'establishment']"
233,Al Romansiah Restaurant - Al Nasseem District,9200 00144,4.2,8154,46.81462699999999,24.7335149,"['restaurant', 'food', 'point_of_interest', 'establishment']"
234,Al Romansiah,9200 00144,4.2,9460,46.792399,24.695811,"['restaurant', 'food', 'point_of_interest', 'establishment']"
235,Herfy,9200 01111,3.6,872,46.750084,24.7795459,"['restaurant', 'food', 'point_of_interest', 'establishment']"
236,KFC,9200 21111,3.5,1825,46.76440969999999,24.7327532,"['restaurant', 'point_of_interest', 'food', 'establishment']"
237,Herfy,9200 01111,3.8,1081,46.7975115,24.7809607,"['restaurant', 'food', 'point_of_interest', 'establishment']"
238,Burger King - Rawdah,,3.7,1370,46.76226500000001,24.735643,"['restaurant', 'food', 'point_of_interest', 'establishment']"
239,KFC,9200 21111,3.4,1705,46.61225279999999,24.5724179,"['restaurant', 'food', 'point_of_interest', 'establishment']"
240,فندق ميرا,9200 08155,3.7,1336,46.69398469999999,24.7012777,"['lodging', 'restaurant', 'food', 'point_of_interest', 'establishment']"
241,مركز ماي كار لصيانة السيارات الاوروبية,,3.5,2755,46.5764369,24.85175139999999,"['restaurant', 'food', 'point_of_interest', 'establishment']"
242,Luthan Hotel and Spa,011 480 7799,4.0,423,46.6417087,24.7066487,"['lodging', 'spa', 'restaurant', 'point_of_interest', 'food', 'establishment']"
243,Dining Hall,011 467 5591,3.0,27,46.6196551,24.7209893,"['restaurant', 'food', 'point_of_interest', 'establishment']"
244,Sushi Yoshi,011 812 0055,4.0,1721,46.7061255,24.7048211,"['restaurant', 'point_of_interest', 'food', 'establishment']"
245,Najd Village,9200 33511,3.9,11310,46.70469529999999,24.7426043,"['restaurant', 'food', 'point_of_interest', 'establishment']"
246,Wooden Bakery,050 133 8321,4.3,10550,46.7226815,24.6941192,"['bakery', 'restaurant', 'food', 'point_of_interest', 'store', 'establishment']"
247,Najd Village,9200 33511,3.8,8468,46.66923329999999,24.6976883,"['restaurant', 'point_of_interest', 'food', 'establishment']"
248,KFC,9200 21111,3.7,2198,46.737091,24.59506409999999,"['restaurant', 'food', 'point_of_interest', 'establishment']"
249,McDonald's,800 121 2345,3.9,2735,46.69138399999999,24.570255,"['restaurant', 'food', 'point_of_interest', 'establishment']"
250,Domino's Pizza,9200 12345,3.8,589,46.6049938,24.692347,"['meal_delivery', 'meal_takeaway', 'restaurant', 'food', 'point_of_interest', 'establishment']"
251,Mama Noura,9200 12026,4.3,23691,46.70188479999999,24.6916263,"['restaurant', 'food', 'point_of_interest', 'establishment']"
252,Burger King - Al Quds,,3.6,1707,46.740762,24.75733899999999,"['restaurant', 'food', 'point_of_interest', 'establishment']"
253,Derati Restaurant,011 202 0203,3.7,1331,46.58854249999999,24.6368753,"['restaurant', 'point_of_interest', 'food', 'establishment']"
254,Kudu - Al Rayyan,9200 06999,3.8,1803,46.7889345,24.7092575,"['restaurant', 'meal_delivery', 'meal_takeaway', 'food', 'point_of_interest', 'establishment']"
255,Dominos,9200 12345,3.8,639,46.6240752,24.8105963,"['meal_delivery', 'meal_takeaway', 'restaurant', 'food', 'point_of_interest', 'establishment']"
256,Derati Restaurants & Kitchens,9200 08273,3.8,994,46.66901430000001,24.5881775,"['restaurant', 'food', 'point_of_interest', 'establishment']"
257,Hardee's,9200 01213,3.3,827,46.6436339,24.6008518,"['restaurant', 'food', 'point_of_interest', 'establishment']"
258,KFC,9200 21111,3.5,975,46.6441676,24.6004069,"['restaurant', 'food', 'point_of_interest', 'establishment']"
259,Kudu - Al Malaz,9200 06999,3.9,1944,46.72442909999999,24.6663876,"['restaurant', 'meal_delivery', 'meal_takeaway', 'food', 'point_of_interest', 'establishment']"
260,Mama Noura,011 266 6623,4.1,11464,46.6653609,24.5717473,"['restaurant', 'point_of_interest', 'food', 'establishment']"
261,قصر الهند,011 278 2394,3.8,6168,46.75289959999999,24.75744370000001,"['restaurant', 'point_of_interest', 'food', 'establishment']"
262,Herfy,9200 01111,3.8,1376,46.6983362,24.6940569,"['restaurant', 'food', 'point_of_interest', 'establishment']"
263,Al Jalab Restaurant,011 450 7979,4.3,1543,46.6870006,24.7337823,"['restaurant', 'food', 'point_of_interest', 'establishment']"
264,Al Romansiah,9200 00144,4.1,8499,46.81412389999999,24.7587183,"['restaurant', 'food', 'point_of_interest', 'establishment']"
265,Al Nafoura Restaurant,011 267 0815,3.3,1007,46.6251475,24.5884052,"['restaurant', 'point_of_interest', 'food', 'establishment']"
266,Diet Center - دايت سنتر,9200 17373,4.1,74,46.784153,24.681048,"['grocery_or_supermarket', 'health', 'restaurant', 'food', 'point_of_interest', 'store', 'establishment']"
267,KFC,9200 21111,3.6,1452,46.7923858,24.6840264,"['restaurant', 'food', 'point_of_interest', 'establishment']"
268,Herfy,9200 01111,3.7,380,46.6575254,24.7559561,"['restaurant', 'point_of_interest', 'food', 'establishment']"
269,Kudu - Al Seteen Palace,9200 06999,3.9,2399,46.7231741,24.6905735,"['restaurant', 'meal_delivery', 'meal_takeaway', 'point_of_interest', 'food', 'establishment']"
270,Little Caesars Pizza! Pizza! !ليتل سيزرز بيتزا! بيتزا,011 455 9562,3.7,649,46.6625465,24.7579306,"['meal_delivery', 'restaurant', 'food', 'point_of_interest', 'establishment']"
271,Al Saudi Restaurant,9200 09515,3.9,4618,46.70311350000001,24.6957429,"['restaurant', 'food', 'point_of_interest', 'establishment']"
272,Little Caesars Pizza! Pizza! !ليتل سيزرز بيتزا! بيتزا,011 449 6563,3.9,790,46.63085969999999,24.5802744,"['meal_delivery', 'restaurant', 'food', 'point_of_interest', 'establishment']"
273,Little Caesars Pizza! Pizza! !ليتل سيزرز بيتزا! بيتزا,011 470 7591,3.9,719,46.65586740000001,24.7247857,"['meal_delivery', 'restaurant', 'food', 'point_of_interest', 'establishment']"
274,Burger King - Bin Turkey,,3.7,681,46.619087,24.746228,"['restaurant', 'food', 'point_of_interest', 'establishment']"
275,Burger King - Exit 28,,3.8,1294,46.6212052,24.5681274,"['restaurant', 'point_of_interest', 'food', 'establishment']"
276,KFC,9200 21111,3.6,1311,46.713719,24.6382089,"['restaurant', 'food', 'point_of_interest', 'establishment']"
277,TOKYO,9200 09662,4.3,7203,46.68670509999999,24.7181459,"['restaurant', 'point_of_interest', 'food', 'establishment']"
278,Sheikh Al-Mandi Restaurant,011 464 4099,3.5,2022,46.70186499999999,24.693749,"['restaurant', 'food', 'point_of_interest', 'establishment']"
279,Kudu - Al Wurud,9200 06999,4.0,1024,46.6758245,24.7322926,"['restaurant', 'meal_delivery', 'meal_takeaway', 'food', 'point_of_interest', 'establishment']"
280,Al Romansiah,9200 00144,4.2,9584,46.7069578,24.5620929,"['restaurant', 'point_of_interest', 'food', 'establishment']"
281,Subway,,3.7,452,46.7834343,24.7289012,"['restaurant', 'food', 'point_of_interest', 'establishment']"
282,Herfy,9200 01111,3.8,896,46.6736126,24.7609124,"['restaurant', 'food', 'point_of_interest', 'establishment']"
283,برجر كاسل,011 281 8775,4.1,1057,46.6345087,24.714561,"['restaurant', 'food', 'point_of_interest', 'establishment']"
284,وايت قاردن,011 462 7799,4.2,4534,46.6836945,24.6943084,"['restaurant', 'bar', 'food', 'night_club', 'point_of_interest', 'establishment']"
285,Al Tazaj,9200 00765,3.6,4796,46.6443952,24.6002206,"['restaurant', 'food', 'point_of_interest', 'establishment']"
286,McDonald's,800 121 2345,3.7,2042,46.640038,24.598766,"['restaurant', 'point_of_interest', 'food', 'establishment']"
287,Subway,,3.8,341,46.65607869999999,24.608878,"['restaurant', 'point_of_interest', 'food', 'establishment']"
288,McDonald's,800 121 2345,3.9,3568,46.794646,24.713222,"['restaurant', 'point_of_interest', 'food', 'establishment']"
289,KFC,9200 21111,3.8,1219,46.6889225,24.62540690000001,"['restaurant', 'food', 'point_of_interest', 'establishment']"
290,Herfy,9200 01111,3.5,746,46.675,24.6755556,"['restaurant', 'food', 'point_of_interest', 'establishment']"
291,Fairmont Riyadh,011 826 2626,4.7,5105,46.7182893,24.8082207,"['lodging', 'restaurant', 'food', 'point_of_interest', 'establishment']"
292,Burger King - Exit 8 Dammam Rd,,3.7,1210,46.743149,24.800591,"['restaurant', 'point_of_interest', 'food', 'establishment']"
293,Al Romansiah Restaurant - Al Nasseem District,9200 00144,4.2,8154,46.81462699999999,24.7335149,"['restaurant', 'food', 'point_of_interest', 'establishment']"
294,Al Romansiah,9200 00144,4.2,9460,46.792399,24.695811,"['restaurant', 'food', 'point_of_interest', 'establishment']"
295,KFC,9200 21111,3.5,1825,46.76440969999999,24.7327532,"['restaurant', 'point_of_interest', 'food', 'establishment']"
296,Herfy,9200 01111,3.6,872,46.750084,24.7795459,"['restaurant', 'food', 'point_of_interest', 'establishment']"
297,Herfy,9200 01111,3.8,1081,46.7975115,24.7809607,"['restaurant', 'point_of_interest', 'food', 'establishment']"
298,Burger King - Rawdah,,3.7,1370,46.76226500000001,24.735643,"['restaurant', 'food', 'point_of_interest', 'establishment']"
299,KFC,9200 21111,3.4,1705,46.61225279999999,24.5724179,"['restaurant', 'food', 'point_of_interest', 'establishment']"
