,Name,Score,Category,Price_Range,Price_Range_encoded,Category_encoded
0,1. شاهي ابو وليد,9.5,Café,$,0,8
1,2. Aseeb Najdi Restaurant,9.5,Restaurant,$,0,25
2,3. دوّار السّعادة,9.4,Breakfast,$,0,5
3,4. McDonald's,9.4,Fast Food,$$,1,12
4,5. SHiRO,9.3,Japanese,$$$,2,19
5,6. Lavash,9.3,Armenian,$,0,1
6,7. Café Lilou,9.3,French,$,0,15
7,8. Burger Hunch,9.3,Burgers,$$$,2,7
8,9. KAIF,9.3,Café,$,0,8
9,10. Entrecôte Café de Paris,9.3,Swiss,$,0,33
10,11. Red Box,9.2,Restaurant,$,0,25
11,12. White Cafe,9.2,Café,$,0,8
12,13. Al Hatab Bakery,9.2,Bakery,$,0,4
13,14. TF BAKERY,9.2,Bakery,$,0,4
14,15. PICKUP,9.2,Burgers,$,0,7
15,16. Baōdo,9.2,Burgers,$,0,7
16,17. الشاي العراقي,9.2,Food Truck,$,0,14
17,18. SORS,9.1,Bakery,$,0,4
18,19. MUNAT Café,9.1,Café,$,0,8
19,20. TOFAREYA,9.1,Restaurant,$,0,25
20,21. The California Burger,9.1,Burgers,$,0,7
21,22. ALHatab Bakery | أفران الحطب,9.1,Bakery,$,0,4
22,23. SCRMY,9.1,Café,$$,1,8
23,24. Boga,9.1,Salad,$$$$,3,26
24,25. The Coffee Address,9.1,Café,$,0,8
25,26. Key,9.1,Café,$,0,8
26,1. شاهي ابو وليد,9.5,Café,$,0,8
27,2. Aseeb Najdi Restaurant,9.5,Restaurant,$,0,25
28,3. دوّار السّعادة,9.4,Breakfast,$,0,5
29,4. McDonald's,9.4,Fast Food,$$,1,12
30,5. SHiRO,9.3,Japanese,$$$,2,19
31,6. Lavash,9.3,Armenian,$,0,1
32,7. Café Lilou,9.3,French,$,0,15
33,8. Burger Hunch,9.3,Burgers,$$$,2,7
34,9. KAIF,9.3,Café,$,0,8
35,10. Entrecôte Café de Paris,9.3,Swiss,$,0,33
36,11. Red Box,9.2,Restaurant,$,0,25
37,12. White Cafe,9.2,Café,$,0,8
38,13. Al Hatab Bakery,9.2,Bakery,$,0,4
39,14. TF BAKERY,9.2,Bakery,$,0,4
40,15. PICKUP,9.2,Burgers,$,0,7
41,16. Baōdo,9.2,Burgers,$,0,7
42,17. الشاي العراقي,9.2,Food Truck,$,0,14
43,18. SORS,9.1,Bakery,$,0,4
44,19. MUNAT Café,9.1,Café,$,0,8
45,20. TOFAREYA,9.1,Restaurant,$,0,25
46,21. The California Burger,9.1,Burgers,$,0,7
47,22. ALHatab Bakery | أفران الحطب,9.1,Bakery,$,0,4
48,23. SCRMY,9.1,Café,$$,1,8
49,24. Boga,9.1,Salad,$$$$,3,26
50,25. The Coffee Address,9.1,Café,$,0,8
51,26. Key,9.1,Café,$,0,8
52,1. شاهي ابو وليد,9.5,Café,$,0,8
53,2. Aseeb Najdi Restaurant,9.5,Restaurant,$,0,25
54,3. دوّار السّعادة,9.4,Breakfast,$,0,5
55,4. McDonald's,9.4,Fast Food,$$,1,12
56,5. SHiRO,9.3,Japanese,$$$,2,19
57,6. Lavash,9.3,Armenian,$,0,1
58,7. Café Lilou,9.3,French,$,0,15
59,8. Burger Hunch,9.3,Burgers,$$$,2,7
60,9. KAIF,9.3,Café,$,0,8
61,10. Entrecôte Café de Paris,9.3,Swiss,$,0,33
62,11. Red Box,9.2,Restaurant,$,0,25
63,12. White Cafe,9.2,Café,$,0,8
64,13. Al Hatab Bakery,9.2,Bakery,$,0,4
65,14. TF BAKERY,9.2,Bakery,$,0,4
66,15. PICKUP,9.2,Burgers,$,0,7
67,16. Baōdo,9.2,Burgers,$,0,7
68,17. الشاي العراقي,9.2,Food Truck,$,0,14
69,18. SORS,9.1,Bakery,$,0,4
70,19. MUNAT Café,9.1,Café,$,0,8
71,20. TOFAREYA,9.1,Restaurant,$,0,25
72,21. The California Burger,9.1,Burgers,$,0,7
73,22. ALHatab Bakery | أفران الحطب,9.1,Bakery,$,0,4
74,23. SCRMY,9.1,Café,$$,1,8
75,24. Boga,9.1,Salad,$$$$,3,26
76,25. The Coffee Address,9.1,Café,$,0,8
77,26. Key,9.1,Café,$,0,8
78,1. شاهي ابو وليد,9.5,Café,$,0,8
79,2. Aseeb Najdi Restaurant,9.5,Restaurant,$,0,25
80,3. دوّار السّعادة,9.4,Breakfast,$,0,5
81,4. McDonald's,9.4,Fast Food,$$,1,12
82,5. SHiRO,9.3,Japanese,$$$,2,19
83,6. Lavash,9.3,Armenian,$,0,1
84,7. Café Lilou,9.3,French,$,0,15
85,8. Burger Hunch,9.3,Burgers,$$$,2,7
86,9. KAIF,9.3,Café,$,0,8
87,10. Entrecôte Café de Paris,9.3,Swiss,$,0,33
88,11. Red Box,9.2,Restaurant,$,0,25
89,12. White Cafe,9.2,Café,$,0,8
90,13. Al Hatab Bakery,9.2,Bakery,$,0,4
91,14. TF BAKERY,9.2,Bakery,$,0,4
92,15. PICKUP,9.2,Burgers,$,0,7
93,16. Baōdo,9.2,Burgers,$,0,7
94,17. الشاي العراقي,9.2,Food Truck,$,0,14
95,18. SORS,9.1,Bakery,$,0,4
96,19. MUNAT Café,9.1,Café,$,0,8
97,20. TOFAREYA,9.1,Restaurant,$,0,25
98,21. The California Burger,9.1,Burgers,$,0,7
99,22. ALHatab Bakery | أفران الحطب,9.1,Bakery,$,0,4
100,23. SCRMY,9.1,Café,$$,1,8
101,24. Boga,9.1,Salad,$$$$,3,26
102,25. The Coffee Address,9.1,Café,$,0,8
103,26. Key,9.1,Café,$,0,8
104,1. شاهي ابو وليد,9.5,Café,$,0,8
105,2. Aseeb Najdi Restaurant,9.5,Restaurant,$,0,25
106,3. دوّار السّعادة,9.4,Breakfast,$,0,5
107,4. McDonald's,9.4,Fast Food,$$,1,12
108,5. SHiRO,9.3,Japanese,$$$,2,19
109,6. Lavash,9.3,Armenian,$,0,1
110,7. Café Lilou,9.3,French,$,0,15
111,8. Burger Hunch,9.3,Burgers,$$$,2,7
112,9. KAIF,9.3,Café,$,0,8
113,10. Entrecôte Café de Paris,9.3,Swiss,$,0,33
114,11. Red Box,9.2,Restaurant,$,0,25
115,12. White Cafe,9.2,Café,$,0,8
116,13. Al Hatab Bakery,9.2,Bakery,$,0,4
117,14. TF BAKERY,9.2,Bakery,$,0,4
118,15. PICKUP,9.2,Burgers,$,0,7
119,16. Baōdo,9.2,Burgers,$,0,7
120,17. الشاي العراقي,9.2,Food Truck,$,0,14
121,18. SORS,9.1,Bakery,$,0,4
122,19. MUNAT Café,9.1,Café,$,0,8
123,20. TOFAREYA,9.1,Restaurant,$,0,25
124,21. The California Burger,9.1,Burgers,$,0,7
125,22. ALHatab Bakery | أفران الحطب,9.1,Bakery,$,0,4
126,23. SCRMY,9.1,Café,$$,1,8
127,24. Boga,9.1,Salad,$$$$,3,26
128,25. The Coffee Address,9.1,Café,$,0,8
129,26. Key,9.1,Café,$,0,8
130,1. شاهي ابو وليد,9.5,Café,$,0,8
131,2. Aseeb Najdi Restaurant,9.5,Restaurant,$,0,25
132,3. دوّار السّعادة,9.4,Breakfast,$,0,5
133,4. McDonald's,9.4,Fast Food,$$,1,12
134,5. SHiRO,9.3,Japanese,$$$,2,19
135,6. Lavash,9.3,Armenian,$,0,1
136,7. Café Lilou,9.3,French,$,0,15
137,8. Burger Hunch,9.3,Burgers,$$$,2,7
138,9. KAIF,9.3,Café,$,0,8
139,10. Entrecôte Café de Paris,9.3,Swiss,$,0,33
140,11. Red Box,9.2,Restaurant,$,0,25
141,12. White Cafe,9.2,Café,$,0,8
142,13. Al Hatab Bakery,9.2,Bakery,$,0,4
143,14. TF BAKERY,9.2,Bakery,$,0,4
144,15. PICKUP,9.2,Burgers,$,0,7
145,16. Baōdo,9.2,Burgers,$,0,7
146,17. الشاي العراقي,9.2,Food Truck,$,0,14
147,18. SORS,9.1,Bakery,$,0,4
148,19. MUNAT Café,9.1,Café,$,0,8
149,20. TOFAREYA,9.1,Restaurant,$,0,25
150,21. The California Burger,9.1,Burgers,$,0,7
151,22. ALHatab Bakery | أفران الحطب,9.1,Bakery,$,0,4
152,23. SCRMY,9.1,Café,$$,1,8
153,24. Boga,9.1,Salad,$$$$,3,26
154,25. The Coffee Address,9.1,Café,$,0,8
155,26. Key,9.1,Café,$,0,8
156,1. شاهي ابو وليد,9.5,Café,$,0,8
157,2. Aseeb Najdi Restaurant,9.5,Restaurant,$,0,25
158,3. دوّار السّعادة,9.4,Breakfast,$,0,5
159,4. McDonald's,9.4,Fast Food,$$,1,12
160,5. SHiRO,9.3,Japanese,$$$,2,19
161,6. Lavash,9.3,Armenian,$,0,1
162,7. Café Lilou,9.3,French,$,0,15
163,8. Burger Hunch,9.3,Burgers,$$$,2,7
164,9. KAIF,9.3,Café,$,0,8
165,10. Entrecôte Café de Paris,9.3,Swiss,$,0,33
166,11. Red Box,9.2,Restaurant,$,0,25
167,12. White Cafe,9.2,Café,$,0,8
168,13. Al Hatab Bakery,9.2,Bakery,$,0,4
169,14. TF BAKERY,9.2,Bakery,$,0,4
170,15. PICKUP,9.2,Burgers,$,0,7
171,16. Baōdo,9.2,Burgers,$,0,7
172,17. الشاي العراقي,9.2,Food Truck,$,0,14
173,18. SORS,9.1,Bakery,$,0,4
174,19. MUNAT Café,9.1,Café,$,0,8
175,20. TOFAREYA,9.1,Restaurant,$,0,25
176,21. The California Burger,9.1,Burgers,$,0,7
177,22. ALHatab Bakery | أفران الحطب,9.1,Bakery,$,0,4
178,23. SCRMY,9.1,Café,$$,1,8
179,24. Boga,9.1,Salad,$$$$,3,26
180,25. The Coffee Address,9.1,Café,$,0,8
181,26. Key,9.1,Café,$,0,8
182,1. شاهي ابو وليد,9.5,Café,$,0,8
183,2. Aseeb Najdi Restaurant,9.5,Restaurant,$,0,25
184,3. دوّار السّعادة,9.4,Breakfast,$,0,5
185,4. McDonald's,9.4,Fast Food,$$,1,12
186,5. SHiRO,9.3,Japanese,$$$,2,19
187,6. Lavash,9.3,Armenian,$,0,1
188,7. Café Lilou,9.3,French,$,0,15
189,8. Burger Hunch,9.3,Burgers,$$$,2,7
190,9. KAIF,9.3,Café,$,0,8
191,10. Entrecôte Café de Paris,9.3,Swiss,$,0,33
192,11. Red Box,9.2,Restaurant,$,0,25
193,12. White Cafe,9.2,Café,$,0,8
194,13. Al Hatab Bakery,9.2,Bakery,$,0,4
195,14. TF BAKERY,9.2,Bakery,$,0,4
196,15. PICKUP,9.2,Burgers,$,0,7
197,16. Baōdo,9.2,Burgers,$,0,7
198,17. الشاي العراقي,9.2,Food Truck,$,0,14
199,18. SORS,9.1,Bakery,$,0,4
200,19. MUNAT Café,9.1,Café,$,0,8
201,20. TOFAREYA,9.1,Restaurant,$,0,25
202,21. The California Burger,9.1,Burgers,$,0,7
203,22. ALHatab Bakery | أفران الحطب,9.1,Bakery,$,0,4
204,23. SCRMY,9.1,Café,$$,1,8
205,24. Boga,9.1,Salad,$$$$,3,26
206,25. The Coffee Address,9.1,Café,$,0,8
207,26. Key,9.1,Café,$,0,8
208,1. شاهي ابو وليد,9.5,Café,$,0,8
209,2. Aseeb Najdi Restaurant,9.5,Restaurant,$,0,25
210,3. دوّار السّعادة,9.4,Breakfast,$,0,5
211,4. McDonald's,9.4,Fast Food,$$,1,12
212,5. SHiRO,9.3,Japanese,$$$,2,19
213,6. Lavash,9.3,Armenian,$,0,1
214,7. Café Lilou,9.3,French,$,0,15
215,8. Burger Hunch,9.3,Burgers,$$$,2,7
216,9. KAIF,9.3,Café,$,0,8
217,10. Entrecôte Café de Paris,9.3,Swiss,$,0,33
218,11. Red Box,9.2,Restaurant,$,0,25
219,12. White Cafe,9.2,Café,$,0,8
220,13. Al Hatab Bakery,9.2,Bakery,$,0,4
221,14. TF BAKERY,9.2,Bakery,$,0,4
222,15. PICKUP,9.2,Burgers,$,0,7
223,16. Baōdo,9.2,Burgers,$,0,7
224,17. الشاي العراقي,9.2,Food Truck,$,0,14
225,18. SORS,9.1,Bakery,$,0,4
226,19. MUNAT Café,9.1,Café,$,0,8
227,20. TOFAREYA,9.1,Restaurant,$,0,25
228,21. The California Burger,9.1,Burgers,$,0,7
229,22. ALHatab Bakery | أفران الحطب,9.1,Bakery,$,0,4
230,23. SCRMY,9.1,Café,$$,1,8
231,24. Boga,9.1,Salad,$$$$,3,26
232,25. The Coffee Address,9.1,Café,$,0,8
233,26. Key,9.1,Café,$,0,8
234,1. شاهي ابو وليد,9.5,Café,$,0,8
235,2. Aseeb Najdi Restaurant,9.5,Restaurant,$,0,25
236,3. دوّار السّعادة,9.4,Breakfast,$,0,5
237,4. McDonald's,9.4,Fast Food,$$,1,12
238,5. SHiRO,9.3,Japanese,$$$,2,19
239,6. Lavash,9.3,Armenian,$,0,1
240,7. Café Lilou,9.3,French,$,0,15
241,8. Burger Hunch,9.3,Burgers,$$$,2,7
242,9. KAIF,9.3,Café,$,0,8
243,10. Entrecôte Café de Paris,9.3,Swiss,$,0,33
244,11. Red Box,9.2,Restaurant,$,0,25
245,12. White Cafe,9.2,Café,$,0,8
246,13. Al Hatab Bakery,9.2,Bakery,$,0,4
247,14. TF BAKERY,9.2,Bakery,$,0,4
248,15. PICKUP,9.2,Burgers,$,0,7
249,16. Baōdo,9.2,Burgers,$,0,7
250,17. الشاي العراقي,9.2,Food Truck,$,0,14
251,18. SORS,9.1,Bakery,$,0,4
252,19. MUNAT Café,9.1,Café,$,0,8
253,20. TOFAREYA,9.1,Restaurant,$,0,25
254,21. The California Burger,9.1,Burgers,$,0,7
255,22. ALHatab Bakery | أفران الحطب,9.1,Bakery,$,0,4
256,23. SCRMY,9.1,Café,$$,1,8
257,24. Boga,9.1,Salad,$$$$,3,26
258,25. The Coffee Address,9.1,Café,$,0,8
259,26. Key,9.1,Café,$,0,8
260,1. Easy Bakery,9.5,Bakery,$,0,4
261,2. BAC Bakehouse & Coffee,9.4,Bakery,$,0,4
262,3. Biox,9.4,Bakery,$,0,4
263,4. OREGANO PIZZERIA,9.3,Pizza,$,0,23
264,5. Ghemar Cafe,9.3,Bakery,$,0,4
265,6. Dank Sandwich | دانك ساندوتش,9.3,Sandwich Spot,$,0,27
266,7. FISHFACE,9.3,Poke Restaurant,$,0,24
267,8. Hels,9.3,Restaurant,$,0,25
268,9. Urth Caffé,9.2,Café,$,0,8
269,10. Shwkat,9.2,Sandwich Spot,$$,1,27
270,11. BLANCA,9.2,Pizza,$,0,23
271,12. بيراديز للمأكولات الهنديه | Peradiz,9.2,Indian,$,0,17
272,13. Never Enough,9.2,Bakery,$,0,4
273,14. ALBAIK,9.2,Fried Chicken,$,0,16
274,15. Offwhite Inn,9.2,Restaurant,$$,1,25
275,16. PrimeCut,9.1,Burgers,$,0,7
276,17. CLAY,9.1,Café,$,0,8
277,18. HATABA,9.0,BBQ,$,0,3
278,19. Dunkin' Donuts,9.0,Donuts,$,0,9
279,20. بَاكر,9.0,Sandwich Spot,$$,1,27
280,21. Legit Cafe ليجت كافيه,9.0,Café,$,0,8
281,22. Eggsactly,9.0,Breakfast,$,0,5
282,23. Dhifa Resturant,9.0,Middle Eastern,$,0,22
283,24. اسطا عاصم Usta asim,9.0,Shawarma Restaurant,$,0,29
284,25. Al Hatab Bakery,9.0,Bakery,$,0,4
285,1. Easy Bakery,9.5,Bakery,$,0,4
286,2. BAC Bakehouse & Coffee,9.4,Bakery,$,0,4
287,3. Biox,9.4,Bakery,$,0,4
288,4. OREGANO PIZZERIA,9.3,Pizza,$,0,23
289,5. Ghemar Cafe,9.3,Bakery,$,0,4
290,6. Dank Sandwich | دانك ساندوتش,9.3,Sandwich Spot,$,0,27
291,7. FISHFACE,9.3,Poke Restaurant,$,0,24
292,8. Hels,9.3,Restaurant,$,0,25
293,9. Urth Caffé,9.2,Café,$,0,8
294,10. Shwkat,9.2,Sandwich Spot,$$,1,27
295,11. BLANCA,9.2,Pizza,$,0,23
296,12. بيراديز للمأكولات الهنديه | Peradiz,9.2,Indian,$,0,17
297,13. Never Enough,9.2,Bakery,$,0,4
298,14. ALBAIK,9.2,Fried Chicken,$,0,16
299,15. Offwhite Inn,9.2,Restaurant,$$,1,25
300,16. PrimeCut,9.1,Burgers,$,0,7
301,17. CLAY,9.1,Café,$,0,8
302,18. HATABA,9.0,BBQ,$,0,3
303,19. Dunkin' Donuts,9.0,Donuts,$,0,9
304,20. بَاكر,9.0,Sandwich Spot,$$,1,27
305,21. Legit Cafe ليجت كافيه,9.0,Café,$,0,8
306,22. Eggsactly,9.0,Breakfast,$,0,5
307,23. Dhifa Resturant,9.0,Middle Eastern,$,0,22
308,24. اسطا عاصم Usta asim,9.0,Shawarma Restaurant,$,0,29
309,25. Al Hatab Bakery,9.0,Bakery,$,0,4
310,1. Easy Bakery,9.5,Bakery,$,0,4
311,2. BAC Bakehouse & Coffee,9.4,Bakery,$,0,4
312,3. Biox,9.4,Bakery,$,0,4
313,4. OREGANO PIZZERIA,9.3,Pizza,$,0,23
314,5. Ghemar Cafe,9.3,Bakery,$,0,4
315,6. Dank Sandwich | دانك ساندوتش,9.3,Sandwich Spot,$,0,27
316,7. FISHFACE,9.3,Poke Restaurant,$,0,24
317,8. Hels,9.3,Restaurant,$,0,25
318,9. Urth Caffé,9.2,Café,$,0,8
319,10. Shwkat,9.2,Sandwich Spot,$$,1,27
320,11. BLANCA,9.2,Pizza,$,0,23
321,12. بيراديز للمأكولات الهنديه | Peradiz,9.2,Indian,$,0,17
322,13. Never Enough,9.2,Bakery,$,0,4
323,14. ALBAIK,9.2,Fried Chicken,$,0,16
324,15. Offwhite Inn,9.2,Restaurant,$$,1,25
325,16. PrimeCut,9.1,Burgers,$,0,7
326,17. CLAY,9.1,Café,$,0,8
327,18. HATABA,9.0,BBQ,$,0,3
328,19. Dunkin' Donuts,9.0,Donuts,$,0,9
329,20. بَاكر,9.0,Sandwich Spot,$$,1,27
330,21. Legit Cafe ليجت كافيه,9.0,Café,$,0,8
331,22. Eggsactly,9.0,Breakfast,$,0,5
332,23. Dhifa Resturant,9.0,Middle Eastern,$,0,22
333,24. اسطا عاصم Usta asim,9.0,Shawarma Restaurant,$,0,29
334,25. Al Hatab Bakery,9.0,Bakery,$,0,4
335,1. Easy Bakery,9.5,Bakery,$,0,4
336,2. BAC Bakehouse & Coffee,9.4,Bakery,$,0,4
337,3. Biox,9.4,Bakery,$,0,4
338,4. OREGANO PIZZERIA,9.3,Pizza,$,0,23
339,5. Ghemar Cafe,9.3,Bakery,$,0,4
340,6. Dank Sandwich | دانك ساندوتش,9.3,Sandwich Spot,$,0,27
341,7. FISHFACE,9.3,Poke Restaurant,$,0,24
342,8. Hels,9.3,Restaurant,$,0,25
343,9. Urth Caffé,9.2,Café,$,0,8
344,10. Shwkat,9.2,Sandwich Spot,$$,1,27
345,11. BLANCA,9.2,Pizza,$,0,23
346,12. بيراديز للمأكولات الهنديه | Peradiz,9.2,Indian,$,0,17
347,13. Never Enough,9.2,Bakery,$,0,4
348,14. ALBAIK,9.2,Fried Chicken,$,0,16
349,15. Offwhite Inn,9.2,Restaurant,$$,1,25
350,16. PrimeCut,9.1,Burgers,$,0,7
351,17. CLAY,9.1,Café,$,0,8
352,18. HATABA,9.0,BBQ,$,0,3
353,19. Dunkin' Donuts,9.0,Donuts,$,0,9
354,20. بَاكر,9.0,Sandwich Spot,$$,1,27
355,21. Legit Cafe ليجت كافيه,9.0,Café,$,0,8
356,22. Eggsactly,9.0,Breakfast,$,0,5
357,23. Dhifa Resturant,9.0,Middle Eastern,$,0,22
358,24. اسطا عاصم Usta asim,9.0,Shawarma Restaurant,$,0,29
359,25. Al Hatab Bakery,9.0,Bakery,$,0,4
360,1. Easy Bakery,9.5,Bakery,$,0,4
361,2. BAC Bakehouse & Coffee,9.4,Bakery,$,0,4
362,3. Biox,9.4,Bakery,$,0,4
363,4. OREGANO PIZZERIA,9.3,Pizza,$,0,23
364,5. Ghemar Cafe,9.3,Bakery,$,0,4
365,6. Dank Sandwich | دانك ساندوتش,9.3,Sandwich Spot,$,0,27
366,7. FISHFACE,9.3,Poke Restaurant,$,0,24
367,8. Hels,9.3,Restaurant,$,0,25
368,9. Urth Caffé,9.2,Café,$,0,8
369,10. Shwkat,9.2,Sandwich Spot,$$,1,27
370,11. BLANCA,9.2,Pizza,$,0,23
371,12. بيراديز للمأكولات الهنديه | Peradiz,9.2,Indian,$,0,17
372,13. Never Enough,9.2,Bakery,$,0,4
373,14. ALBAIK,9.2,Fried Chicken,$,0,16
374,15. Offwhite Inn,9.2,Restaurant,$$,1,25
375,16. PrimeCut,9.1,Burgers,$,0,7
376,17. CLAY,9.1,Café,$,0,8
377,18. HATABA,9.0,BBQ,$,0,3
378,19. Dunkin' Donuts,9.0,Donuts,$,0,9
379,20. بَاكر,9.0,Sandwich Spot,$$,1,27
380,21. Legit Cafe ليجت كافيه,9.0,Café,$,0,8
381,22. Eggsactly,9.0,Breakfast,$,0,5
382,23. Dhifa Resturant,9.0,Middle Eastern,$,0,22
383,24. اسطا عاصم Usta asim,9.0,Shawarma Restaurant,$,0,29
384,25. Al Hatab Bakery,9.0,Bakery,$,0,4
385,1. Easy Bakery,9.5,Bakery,$,0,4
386,2. BAC Bakehouse & Coffee,9.4,Bakery,$,0,4
387,3. Biox,9.4,Bakery,$,0,4
388,4. OREGANO PIZZERIA,9.3,Pizza,$,0,23
389,5. Ghemar Cafe,9.3,Bakery,$,0,4
390,6. Dank Sandwich | دانك ساندوتش,9.3,Sandwich Spot,$,0,27
391,7. FISHFACE,9.3,Poke Restaurant,$,0,24
392,8. Hels,9.3,Restaurant,$,0,25
393,9. Urth Caffé,9.2,Café,$,0,8
394,10. Shwkat,9.2,Sandwich Spot,$$,1,27
395,11. BLANCA,9.2,Pizza,$,0,23
396,12. بيراديز للمأكولات الهنديه | Peradiz,9.2,Indian,$,0,17
397,13. Never Enough,9.2,Bakery,$,0,4
398,14. ALBAIK,9.2,Fried Chicken,$,0,16
399,15. Offwhite Inn,9.2,Restaurant,$$,1,25
400,16. PrimeCut,9.1,Burgers,$,0,7
401,17. CLAY,9.1,Café,$,0,8
402,18. HATABA,9.0,BBQ,$,0,3
403,19. Dunkin' Donuts,9.0,Donuts,$,0,9
404,20. بَاكر,9.0,Sandwich Spot,$$,1,27
405,21. Legit Cafe ليجت كافيه,9.0,Café,$,0,8
406,22. Eggsactly,9.0,Breakfast,$,0,5
407,23. Dhifa Resturant,9.0,Middle Eastern,$,0,22
408,24. اسطا عاصم Usta asim,9.0,Shawarma Restaurant,$,0,29
409,25. Al Hatab Bakery,9.0,Bakery,$,0,4
410,1. Easy Bakery,9.5,Bakery,$,0,4
411,2. BAC Bakehouse & Coffee,9.4,Bakery,$,0,4
412,3. Biox,9.4,Bakery,$,0,4
413,4. OREGANO PIZZERIA,9.3,Pizza,$,0,23
414,5. Ghemar Cafe,9.3,Bakery,$,0,4
415,6. Dank Sandwich | دانك ساندوتش,9.3,Sandwich Spot,$,0,27
416,7. FISHFACE,9.3,Poke Restaurant,$,0,24
417,8. Hels,9.3,Restaurant,$,0,25
418,9. Urth Caffé,9.2,Café,$,0,8
419,10. Shwkat,9.2,Sandwich Spot,$$,1,27
420,11. BLANCA,9.2,Pizza,$,0,23
421,12. بيراديز للمأكولات الهنديه | Peradiz,9.2,Indian,$,0,17
422,13. Never Enough,9.2,Bakery,$,0,4
423,14. ALBAIK,9.2,Fried Chicken,$,0,16
424,15. Offwhite Inn,9.2,Restaurant,$$,1,25
425,16. PrimeCut,9.1,Burgers,$,0,7
426,17. CLAY,9.1,Café,$,0,8
427,18. HATABA,9.0,BBQ,$,0,3
428,19. Dunkin' Donuts,9.0,Donuts,$,0,9
429,20. بَاكر,9.0,Sandwich Spot,$$,1,27
430,21. Legit Cafe ليجت كافيه,9.0,Café,$,0,8
431,22. Eggsactly,9.0,Breakfast,$,0,5
432,23. Dhifa Resturant,9.0,Middle Eastern,$,0,22
433,24. اسطا عاصم Usta asim,9.0,Shawarma Restaurant,$,0,29
434,25. Al Hatab Bakery,9.0,Bakery,$,0,4
435,1. Easy Bakery,9.5,Bakery,$,0,4
436,2. BAC Bakehouse & Coffee,9.4,Bakery,$,0,4
437,3. Biox,9.4,Bakery,$,0,4
438,4. OREGANO PIZZERIA,9.3,Pizza,$,0,23
439,5. Ghemar Cafe,9.3,Bakery,$,0,4
440,6. Dank Sandwich | دانك ساندوتش,9.3,Sandwich Spot,$,0,27
441,7. FISHFACE,9.3,Poke Restaurant,$,0,24
442,8. Hels,9.3,Restaurant,$,0,25
443,9. Urth Caffé,9.2,Café,$,0,8
444,10. Shwkat,9.2,Sandwich Spot,$$,1,27
445,11. BLANCA,9.2,Pizza,$,0,23
446,12. بيراديز للمأكولات الهنديه | Peradiz,9.2,Indian,$,0,17
447,13. Never Enough,9.2,Bakery,$,0,4
448,14. ALBAIK,9.2,Fried Chicken,$,0,16
449,15. Offwhite Inn,9.2,Restaurant,$$,1,25
450,16. PrimeCut,9.1,Burgers,$,0,7
451,17. CLAY,9.1,Café,$,0,8
452,18. HATABA,9.0,BBQ,$,0,3
453,19. Dunkin' Donuts,9.0,Donuts,$,0,9
454,20. بَاكر,9.0,Sandwich Spot,$$,1,27
455,21. Legit Cafe ليجت كافيه,9.0,Café,$,0,8
456,22. Eggsactly,9.0,Breakfast,$,0,5
457,23. Dhifa Resturant,9.0,Middle Eastern,$,0,22
458,24. اسطا عاصم Usta asim,9.0,Shawarma Restaurant,$,0,29
459,25. Al Hatab Bakery,9.0,Bakery,$,0,4
460,1. Easy Bakery,9.5,Bakery,$,0,4
461,2. BAC Bakehouse & Coffee,9.4,Bakery,$,0,4
462,3. Biox,9.4,Bakery,$,0,4
463,4. OREGANO PIZZERIA,9.3,Pizza,$,0,23
464,5. Ghemar Cafe,9.3,Bakery,$,0,4
465,6. Dank Sandwich | دانك ساندوتش,9.3,Sandwich Spot,$,0,27
466,7. FISHFACE,9.3,Poke Restaurant,$,0,24
467,8. Hels,9.3,Restaurant,$,0,25
468,9. Urth Caffé,9.2,Café,$,0,8
469,10. Shwkat,9.2,Sandwich Spot,$$,1,27
470,11. BLANCA,9.2,Pizza,$,0,23
471,12. بيراديز للمأكولات الهنديه | Peradiz,9.2,Indian,$,0,17
472,13. Never Enough,9.2,Bakery,$,0,4
473,14. ALBAIK,9.2,Fried Chicken,$,0,16
474,15. Offwhite Inn,9.2,Restaurant,$$,1,25
475,16. PrimeCut,9.1,Burgers,$,0,7
476,17. CLAY,9.1,Café,$,0,8
477,18. HATABA,9.0,BBQ,$,0,3
478,19. Dunkin' Donuts,9.0,Donuts,$,0,9
479,20. بَاكر,9.0,Sandwich Spot,$$,1,27
480,21. Legit Cafe ليجت كافيه,9.0,Café,$,0,8
481,22. Eggsactly,9.0,Breakfast,$,0,5
482,23. Dhifa Resturant,9.0,Middle Eastern,$,0,22
483,24. اسطا عاصم Usta asim,9.0,Shawarma Restaurant,$,0,29
484,25. Al Hatab Bakery,9.0,Bakery,$,0,4
485,1. Easy Bakery,9.5,Bakery,$,0,4
486,2. BAC Bakehouse & Coffee,9.4,Bakery,$,0,4
487,3. Biox,9.4,Bakery,$,0,4
488,4. OREGANO PIZZERIA,9.3,Pizza,$,0,23
489,5. Ghemar Cafe,9.3,Bakery,$,0,4
490,6. Dank Sandwich | دانك ساندوتش,9.3,Sandwich Spot,$,0,27
491,7. FISHFACE,9.3,Poke Restaurant,$,0,24
492,8. Hels,9.3,Restaurant,$,0,25
493,9. Urth Caffé,9.2,Café,$,0,8
494,10. Shwkat,9.2,Sandwich Spot,$$,1,27
495,11. BLANCA,9.2,Pizza,$,0,23
496,12. بيراديز للمأكولات الهنديه | Peradiz,9.2,Indian,$,0,17
497,13. Never Enough,9.2,Bakery,$,0,4
498,14. ALBAIK,9.2,Fried Chicken,$,0,16
499,15. Offwhite Inn,9.2,Restaurant,$$,1,25
500,16. PrimeCut,9.1,Burgers,$,0,7
501,17. CLAY,9.1,Café,$,0,8
502,18. HATABA,9.0,BBQ,$,0,3
503,19. Dunkin' Donuts,9.0,Donuts,$,0,9
504,20. بَاكر,9.0,Sandwich Spot,$$,1,27
505,21. Legit Cafe ليجت كافيه,9.0,Café,$,0,8
506,22. Eggsactly,9.0,Breakfast,$,0,5
507,23. Dhifa Resturant,9.0,Middle Eastern,$,0,22
508,24. اسطا عاصم Usta asim,9.0,Shawarma Restaurant,$,0,29
509,25. Al Hatab Bakery,9.0,Bakery,$,0,4
510,1. ساين,9.6,Burgers,$,0,7
511,2. Al Hatab Bakery,9.5,Bakery,$,0,4
512,3. Mama Noura,9.3,Shawarma Restaurant,$,0,29
513,4. Urth Caffé,9.2,Café,$,0,8
514,5. BLANCA,9.2,Pizza,$$,1,23
515,6. بيراديز للمأكولات الهنديه | Peradiz,9.2,Indian,$,0,17
516,7. ALBAIK,9.2,Fried Chicken,$,0,16
517,8. Offwhite Inn,9.2,Restaurant,$,0,25
518,9. Dunkin' Donuts,9.2,Donuts,$,0,9
519,10. Al Hatab Bakery,9.1,Bakery,$$,1,4
520,11. dr.CAFE COFFEE,9.1,Café,$,0,8
521,12. La Casa Pasta,9.1,Italian,$,0,18
522,13. CLAY,9.1,Café,$,0,8
523,14. Boga,9.0,Sandwich Spot,$,0,27
524,15. Legit Cafe ليجت كافيه,9.0,Café,$,0,8
525,16. Dunkin Donuts,9.0,Donuts,$,0,9
526,17. Dunkin' Donuts,9.0,Donuts,$,0,9
527,18. Dunkin Donuts,9.0,Donuts,$,0,9
528,1. ساين,9.6,Burgers,$,0,7
529,2. Al Hatab Bakery,9.5,Bakery,$,0,4
530,3. Mama Noura,9.3,Shawarma Restaurant,$,0,29
531,4. Urth Caffé,9.2,Café,$,0,8
532,5. BLANCA,9.2,Pizza,$$,1,23
533,6. بيراديز للمأكولات الهنديه | Peradiz,9.2,Indian,$,0,17
534,7. ALBAIK,9.2,Fried Chicken,$,0,16
535,8. Offwhite Inn,9.2,Restaurant,$,0,25
536,9. Dunkin' Donuts,9.2,Donuts,$,0,9
537,10. Al Hatab Bakery,9.1,Bakery,$$,1,4
538,11. dr.CAFE COFFEE,9.1,Café,$,0,8
539,12. La Casa Pasta,9.1,Italian,$,0,18
540,13. CLAY,9.1,Café,$,0,8
541,14. Boga,9.0,Sandwich Spot,$,0,27
542,15. Legit Cafe ليجت كافيه,9.0,Café,$,0,8
543,16. Dunkin Donuts,9.0,Donuts,$,0,9
544,17. Dunkin' Donuts,9.0,Donuts,$,0,9
545,18. Dunkin Donuts,9.0,Donuts,$,0,9
546,1. ساين,9.6,Burgers,$,0,7
547,2. Al Hatab Bakery,9.5,Bakery,$,0,4
548,3. Mama Noura,9.3,Shawarma Restaurant,$,0,29
549,4. Urth Caffé,9.2,Café,$,0,8
550,5. BLANCA,9.2,Pizza,$$,1,23
551,6. بيراديز للمأكولات الهنديه | Peradiz,9.2,Indian,$,0,17
552,7. ALBAIK,9.2,Fried Chicken,$,0,16
553,8. Offwhite Inn,9.2,Restaurant,$,0,25
554,9. Dunkin' Donuts,9.2,Donuts,$,0,9
555,10. Al Hatab Bakery,9.1,Bakery,$$,1,4
556,11. dr.CAFE COFFEE,9.1,Café,$,0,8
557,12. La Casa Pasta,9.1,Italian,$,0,18
558,13. CLAY,9.1,Café,$,0,8
559,14. Boga,9.0,Sandwich Spot,$,0,27
560,15. Legit Cafe ليجت كافيه,9.0,Café,$,0,8
561,16. Dunkin Donuts,9.0,Donuts,$,0,9
562,17. Dunkin' Donuts,9.0,Donuts,$,0,9
563,18. Dunkin Donuts,9.0,Donuts,$,0,9
564,1. ساين,9.6,Burgers,$,0,7
565,2. Al Hatab Bakery,9.5,Bakery,$,0,4
566,3. Mama Noura,9.3,Shawarma Restaurant,$,0,29
567,4. Urth Caffé,9.2,Café,$,0,8
568,5. BLANCA,9.2,Pizza,$$,1,23
569,6. بيراديز للمأكولات الهنديه | Peradiz,9.2,Indian,$,0,17
570,7. ALBAIK,9.2,Fried Chicken,$,0,16
571,8. Offwhite Inn,9.2,Restaurant,$,0,25
572,9. Dunkin' Donuts,9.2,Donuts,$,0,9
573,10. Al Hatab Bakery,9.1,Bakery,$$,1,4
574,11. dr.CAFE COFFEE,9.1,Café,$,0,8
575,12. La Casa Pasta,9.1,Italian,$,0,18
576,13. CLAY,9.1,Café,$,0,8
577,14. Boga,9.0,Sandwich Spot,$,0,27
578,15. Legit Cafe ليجت كافيه,9.0,Café,$,0,8
579,16. Dunkin Donuts,9.0,Donuts,$,0,9
580,17. Dunkin' Donuts,9.0,Donuts,$,0,9
581,18. Dunkin Donuts,9.0,Donuts,$,0,9
582,1. ساين,9.6,Burgers,$,0,7
583,2. Al Hatab Bakery,9.5,Bakery,$,0,4
584,3. Mama Noura,9.3,Shawarma Restaurant,$,0,29
585,4. Urth Caffé,9.2,Café,$,0,8
586,5. BLANCA,9.2,Pizza,$$,1,23
587,6. بيراديز للمأكولات الهنديه | Peradiz,9.2,Indian,$,0,17
588,7. ALBAIK,9.2,Fried Chicken,$,0,16
589,8. Offwhite Inn,9.2,Restaurant,$,0,25
590,9. Dunkin' Donuts,9.2,Donuts,$,0,9
591,10. Al Hatab Bakery,9.1,Bakery,$$,1,4
592,11. dr.CAFE COFFEE,9.1,Café,$,0,8
593,12. La Casa Pasta,9.1,Italian,$,0,18
594,13. CLAY,9.1,Café,$,0,8
595,14. Boga,9.0,Sandwich Spot,$,0,27
596,15. Legit Cafe ليجت كافيه,9.0,Café,$,0,8
597,16. Dunkin Donuts,9.0,Donuts,$,0,9
598,17. Dunkin' Donuts,9.0,Donuts,$,0,9
599,18. Dunkin Donuts,9.0,Donuts,$,0,9
600,1. ساين,9.6,Burgers,$,0,7
601,2. Al Hatab Bakery,9.5,Bakery,$,0,4
602,3. Mama Noura,9.3,Shawarma Restaurant,$,0,29
603,4. Urth Caffé,9.2,Café,$,0,8
604,5. BLANCA,9.2,Pizza,$$,1,23
605,6. بيراديز للمأكولات الهنديه | Peradiz,9.2,Indian,$,0,17
606,7. ALBAIK,9.2,Fried Chicken,$,0,16
607,8. Offwhite Inn,9.2,Restaurant,$,0,25
608,9. Dunkin' Donuts,9.2,Donuts,$,0,9
609,10. Al Hatab Bakery,9.1,Bakery,$$,1,4
610,11. dr.CAFE COFFEE,9.1,Café,$,0,8
611,12. La Casa Pasta,9.1,Italian,$,0,18
612,13. CLAY,9.1,Café,$,0,8
613,14. Boga,9.0,Sandwich Spot,$,0,27
614,15. Legit Cafe ليجت كافيه,9.0,Café,$,0,8
615,16. Dunkin Donuts,9.0,Donuts,$,0,9
616,17. Dunkin' Donuts,9.0,Donuts,$,0,9
617,18. Dunkin Donuts,9.0,Donuts,$,0,9
618,1. ساين,9.6,Burgers,$,0,7
619,2. Al Hatab Bakery,9.5,Bakery,$,0,4
620,3. Mama Noura,9.3,Shawarma Restaurant,$,0,29
621,4. Urth Caffé,9.2,Café,$,0,8
622,5. BLANCA,9.2,Pizza,$$,1,23
623,6. بيراديز للمأكولات الهنديه | Peradiz,9.2,Indian,$,0,17
624,7. ALBAIK,9.2,Fried Chicken,$,0,16
625,8. Offwhite Inn,9.2,Restaurant,$,0,25
626,9. Dunkin' Donuts,9.2,Donuts,$,0,9
627,10. Al Hatab Bakery,9.1,Bakery,$$,1,4
628,11. dr.CAFE COFFEE,9.1,Café,$,0,8
629,12. La Casa Pasta,9.1,Italian,$,0,18
630,13. CLAY,9.1,Café,$,0,8
631,14. Boga,9.0,Sandwich Spot,$,0,27
632,15. Legit Cafe ليجت كافيه,9.0,Café,$,0,8
633,16. Dunkin Donuts,9.0,Donuts,$,0,9
634,17. Dunkin' Donuts,9.0,Donuts,$,0,9
635,18. Dunkin Donuts,9.0,Donuts,$,0,9
636,1. ساين,9.6,Burgers,$,0,7
637,2. Al Hatab Bakery,9.5,Bakery,$,0,4
638,3. Mama Noura,9.3,Shawarma Restaurant,$,0,29
639,4. Urth Caffé,9.2,Café,$,0,8
640,5. BLANCA,9.2,Pizza,$$,1,23
641,6. بيراديز للمأكولات الهنديه | Peradiz,9.2,Indian,$,0,17
642,7. ALBAIK,9.2,Fried Chicken,$,0,16
643,8. Offwhite Inn,9.2,Restaurant,$,0,25
644,9. Dunkin' Donuts,9.2,Donuts,$,0,9
645,10. Al Hatab Bakery,9.1,Bakery,$$,1,4
646,11. dr.CAFE COFFEE,9.1,Café,$,0,8
647,12. La Casa Pasta,9.1,Italian,$,0,18
648,13. CLAY,9.1,Café,$,0,8
649,14. Boga,9.0,Sandwich Spot,$,0,27
650,15. Legit Cafe ليجت كافيه,9.0,Café,$,0,8
651,16. Dunkin Donuts,9.0,Donuts,$,0,9
652,17. Dunkin' Donuts,9.0,Donuts,$,0,9
653,18. Dunkin Donuts,9.0,Donuts,$,0,9
654,1. ساين,9.6,Burgers,$,0,7
655,2. Al Hatab Bakery,9.5,Bakery,$,0,4
656,3. Mama Noura,9.3,Shawarma Restaurant,$,0,29
657,4. Urth Caffé,9.2,Café,$,0,8
658,5. BLANCA,9.2,Pizza,$$,1,23
659,6. بيراديز للمأكولات الهنديه | Peradiz,9.2,Indian,$,0,17
660,7. ALBAIK,9.2,Fried Chicken,$,0,16
661,8. Offwhite Inn,9.2,Restaurant,$,0,25
662,9. Dunkin' Donuts,9.2,Donuts,$,0,9
663,10. Al Hatab Bakery,9.1,Bakery,$$,1,4
664,11. dr.CAFE COFFEE,9.1,Café,$,0,8
665,12. La Casa Pasta,9.1,Italian,$,0,18
666,13. CLAY,9.1,Café,$,0,8
667,14. Boga,9.0,Sandwich Spot,$,0,27
668,15. Legit Cafe ليجت كافيه,9.0,Café,$,0,8
669,16. Dunkin Donuts,9.0,Donuts,$,0,9
670,17. Dunkin' Donuts,9.0,Donuts,$,0,9
671,18. Dunkin Donuts,9.0,Donuts,$,0,9
672,1. ساين,9.6,Burgers,$,0,7
673,2. Al Hatab Bakery,9.5,Bakery,$,0,4
674,3. Mama Noura,9.3,Shawarma Restaurant,$,0,29
675,4. Urth Caffé,9.2,Café,$,0,8
676,5. BLANCA,9.2,Pizza,$$,1,23
677,6. بيراديز للمأكولات الهنديه | Peradiz,9.2,Indian,$,0,17
678,7. ALBAIK,9.2,Fried Chicken,$,0,16
679,8. Offwhite Inn,9.2,Restaurant,$,0,25
680,9. Dunkin' Donuts,9.2,Donuts,$,0,9
681,10. Al Hatab Bakery,9.1,Bakery,$$,1,4
682,11. dr.CAFE COFFEE,9.1,Café,$,0,8
683,12. La Casa Pasta,9.1,Italian,$,0,18
684,13. CLAY,9.1,Café,$,0,8
685,14. Boga,9.0,Sandwich Spot,$,0,27
686,15. Legit Cafe ليجت كافيه,9.0,Café,$,0,8
687,16. Dunkin Donuts,9.0,Donuts,$,0,9
688,17. Dunkin' Donuts,9.0,Donuts,$,0,9
689,18. Dunkin Donuts,9.0,Donuts,$,0,9
690,1. WHJ CAFE,9.3,Café,$,0,8
691,2. بوفية فهد كبدة غنم وحاشي,9.3,Breakfast,$,0,5
692,3. ALHatab Bakery | أفران الحطب,9.1,Bakery,$,0,4
693,4. AlNaqaa,9.1,Falafel,$,0,11
694,5. Dutch Brunch,9.1,Breakfast,$,0,5
695,6. Mama Noura,9.1,Shawarma Restaurant,$,0,29
696,7. Dunkin' Donuts,9.1,Donuts,$,0,9
697,8. Jathel,9.1,Café,$,0,8
698,9. Dunkin Dounts,9.0,Donuts,$,0,9
699,10. أفران الحطب || Alhatab Bakery,9.0,Bakery,$,0,4
700,11. دوز كافيه,9.0,Café,$,0,8
701,12. Dunkin' Donuts,9.0,Donuts,$,0,9
702,13. Dunkin' Donuts دانكن دونات,9.0,Donuts,$$,1,9
703,14. Shawarma House,9.0,Middle Eastern,$,0,22
704,15. فلافل ثمار,9.0,Falafel,$,0,11
705,1. WHJ CAFE,9.3,Café,$,0,8
706,2. بوفية فهد كبدة غنم وحاشي,9.3,Breakfast,$,0,5
707,3. ALHatab Bakery | أفران الحطب,9.1,Bakery,$,0,4
708,4. AlNaqaa,9.1,Falafel,$,0,11
709,5. Dutch Brunch,9.1,Breakfast,$,0,5
710,6. Mama Noura,9.1,Shawarma Restaurant,$,0,29
711,7. Dunkin' Donuts,9.1,Donuts,$,0,9
712,8. Jathel,9.1,Café,$,0,8
713,9. Dunkin Dounts,9.0,Donuts,$,0,9
714,10. أفران الحطب || Alhatab Bakery,9.0,Bakery,$,0,4
715,11. دوز كافيه,9.0,Café,$,0,8
716,12. Dunkin' Donuts,9.0,Donuts,$,0,9
717,13. Dunkin' Donuts دانكن دونات,9.0,Donuts,$$,1,9
718,14. Shawarma House,9.0,Middle Eastern,$,0,22
719,15. فلافل ثمار,9.0,Falafel,$,0,11
720,1. WHJ CAFE,9.3,Café,$,0,8
721,2. بوفية فهد كبدة غنم وحاشي,9.3,Breakfast,$,0,5
722,3. ALHatab Bakery | أفران الحطب,9.1,Bakery,$,0,4
723,4. AlNaqaa,9.1,Falafel,$,0,11
724,5. Dutch Brunch,9.1,Breakfast,$,0,5
725,6. Mama Noura,9.1,Shawarma Restaurant,$,0,29
726,7. Dunkin' Donuts,9.1,Donuts,$,0,9
727,8. Jathel,9.1,Café,$,0,8
728,9. Dunkin Dounts,9.0,Donuts,$,0,9
729,10. أفران الحطب || Alhatab Bakery,9.0,Bakery,$,0,4
730,11. دوز كافيه,9.0,Café,$,0,8
731,12. Dunkin' Donuts,9.0,Donuts,$,0,9
732,13. Dunkin' Donuts دانكن دونات,9.0,Donuts,$$,1,9
733,14. Shawarma House,9.0,Middle Eastern,$,0,22
734,15. فلافل ثمار,9.0,Falafel,$,0,11
735,1. WHJ CAFE,9.3,Café,$,0,8
736,2. بوفية فهد كبدة غنم وحاشي,9.3,Breakfast,$,0,5
737,3. ALHatab Bakery | أفران الحطب,9.1,Bakery,$,0,4
738,4. AlNaqaa,9.1,Falafel,$,0,11
739,5. Dutch Brunch,9.1,Breakfast,$,0,5
740,6. Mama Noura,9.1,Shawarma Restaurant,$,0,29
741,7. Dunkin' Donuts,9.1,Donuts,$,0,9
742,8. Jathel,9.1,Café,$,0,8
743,9. Dunkin Dounts,9.0,Donuts,$,0,9
744,10. أفران الحطب || Alhatab Bakery,9.0,Bakery,$,0,4
745,11. دوز كافيه,9.0,Café,$,0,8
746,12. Dunkin' Donuts,9.0,Donuts,$,0,9
747,13. Dunkin' Donuts دانكن دونات,9.0,Donuts,$$,1,9
748,14. Shawarma House,9.0,Middle Eastern,$,0,22
749,15. فلافل ثمار,9.0,Falafel,$,0,11
750,1. WHJ CAFE,9.3,Café,$,0,8
751,2. بوفية فهد كبدة غنم وحاشي,9.3,Breakfast,$,0,5
752,3. ALHatab Bakery | أفران الحطب,9.1,Bakery,$,0,4
753,4. AlNaqaa,9.1,Falafel,$,0,11
754,5. Dutch Brunch,9.1,Breakfast,$,0,5
755,6. Mama Noura,9.1,Shawarma Restaurant,$,0,29
756,7. Dunkin' Donuts,9.1,Donuts,$,0,9
757,8. Jathel,9.1,Café,$,0,8
758,9. Dunkin Dounts,9.0,Donuts,$,0,9
759,10. أفران الحطب || Alhatab Bakery,9.0,Bakery,$,0,4
760,11. دوز كافيه,9.0,Café,$,0,8
761,12. Dunkin' Donuts,9.0,Donuts,$,0,9
762,13. Dunkin' Donuts دانكن دونات,9.0,Donuts,$$,1,9
763,14. Shawarma House,9.0,Middle Eastern,$,0,22
764,15. فلافل ثمار,9.0,Falafel,$,0,11
765,1. WHJ CAFE,9.3,Café,$,0,8
766,2. بوفية فهد كبدة غنم وحاشي,9.3,Breakfast,$,0,5
767,3. ALHatab Bakery | أفران الحطب,9.1,Bakery,$,0,4
768,4. AlNaqaa,9.1,Falafel,$,0,11
769,5. Dutch Brunch,9.1,Breakfast,$,0,5
770,6. Mama Noura,9.1,Shawarma Restaurant,$,0,29
771,7. Dunkin' Donuts,9.1,Donuts,$,0,9
772,8. Jathel,9.1,Café,$,0,8
773,9. Dunkin Dounts,9.0,Donuts,$,0,9
774,10. أفران الحطب || Alhatab Bakery,9.0,Bakery,$,0,4
775,11. دوز كافيه,9.0,Café,$,0,8
776,12. Dunkin' Donuts,9.0,Donuts,$,0,9
777,13. Dunkin' Donuts دانكن دونات,9.0,Donuts,$$,1,9
778,14. Shawarma House,9.0,Middle Eastern,$,0,22
779,15. فلافل ثمار,9.0,Falafel,$,0,11
780,1. WHJ CAFE,9.3,Café,$,0,8
781,2. بوفية فهد كبدة غنم وحاشي,9.3,Breakfast,$,0,5
782,3. ALHatab Bakery | أفران الحطب,9.1,Bakery,$,0,4
783,4. AlNaqaa,9.1,Falafel,$,0,11
784,5. Dutch Brunch,9.1,Breakfast,$,0,5
785,6. Mama Noura,9.1,Shawarma Restaurant,$,0,29
786,7. Dunkin' Donuts,9.1,Donuts,$,0,9
787,8. Jathel,9.1,Café,$,0,8
788,9. Dunkin Dounts,9.0,Donuts,$,0,9
789,10. أفران الحطب || Alhatab Bakery,9.0,Bakery,$,0,4
790,11. دوز كافيه,9.0,Café,$,0,8
791,12. Dunkin' Donuts,9.0,Donuts,$,0,9
792,13. Dunkin' Donuts دانكن دونات,9.0,Donuts,$$,1,9
793,14. Shawarma House,9.0,Middle Eastern,$,0,22
794,15. فلافل ثمار,9.0,Falafel,$,0,11
795,1. WHJ CAFE,9.3,Café,$,0,8
796,2. بوفية فهد كبدة غنم وحاشي,9.3,Breakfast,$,0,5
797,3. ALHatab Bakery | أفران الحطب,9.1,Bakery,$,0,4
798,4. AlNaqaa,9.1,Falafel,$,0,11
799,5. Dutch Brunch,9.1,Breakfast,$,0,5
800,6. Mama Noura,9.1,Shawarma Restaurant,$,0,29
801,7. Dunkin' Donuts,9.1,Donuts,$,0,9
802,8. Jathel,9.1,Café,$,0,8
803,9. Dunkin Dounts,9.0,Donuts,$,0,9
804,10. أفران الحطب || Alhatab Bakery,9.0,Bakery,$,0,4
805,11. دوز كافيه,9.0,Café,$,0,8
806,12. Dunkin' Donuts,9.0,Donuts,$,0,9
807,13. Dunkin' Donuts دانكن دونات,9.0,Donuts,$$,1,9
808,14. Shawarma House,9.0,Middle Eastern,$,0,22
809,15. فلافل ثمار,9.0,Falafel,$,0,11
810,1. WHJ CAFE,9.3,Café,$,0,8
811,2. بوفية فهد كبدة غنم وحاشي,9.3,Breakfast,$,0,5
812,3. ALHatab Bakery | أفران الحطب,9.1,Bakery,$,0,4
813,4. AlNaqaa,9.1,Falafel,$,0,11
814,5. Dutch Brunch,9.1,Breakfast,$,0,5
815,6. Mama Noura,9.1,Shawarma Restaurant,$,0,29
816,7. Dunkin' Donuts,9.1,Donuts,$,0,9
817,8. Jathel,9.1,Café,$,0,8
818,9. Dunkin Dounts,9.0,Donuts,$,0,9
819,10. أفران الحطب || Alhatab Bakery,9.0,Bakery,$,0,4
820,11. دوز كافيه,9.0,Café,$,0,8
821,12. Dunkin' Donuts,9.0,Donuts,$,0,9
822,13. Dunkin' Donuts دانكن دونات,9.0,Donuts,$$,1,9
823,14. Shawarma House,9.0,Middle Eastern,$,0,22
824,15. فلافل ثمار,9.0,Falafel,$,0,11
825,1. WHJ CAFE,9.3,Café,$,0,8
826,2. بوفية فهد كبدة غنم وحاشي,9.3,Breakfast,$,0,5
827,3. ALHatab Bakery | أفران الحطب,9.1,Bakery,$,0,4
828,4. AlNaqaa,9.1,Falafel,$,0,11
829,5. Dutch Brunch,9.1,Breakfast,$,0,5
830,6. Mama Noura,9.1,Shawarma Restaurant,$,0,29
831,7. Dunkin' Donuts,9.1,Donuts,$,0,9
832,8. Jathel,9.1,Café,$,0,8
833,9. Dunkin Dounts,9.0,Donuts,$,0,9
834,10. أفران الحطب || Alhatab Bakery,9.0,Bakery,$,0,4
835,11. دوز كافيه,9.0,Café,$,0,8
836,12. Dunkin' Donuts,9.0,Donuts,$,0,9
837,13. Dunkin' Donuts دانكن دونات,9.0,Donuts,$$,1,9
838,14. Shawarma House,9.0,Middle Eastern,$,0,22
839,15. فلافل ثمار,9.0,Falafel,$,0,11
840,1. Dunkin’ Donuts Drive Thru,9.4,Donuts,$,0,9
841,2. Oregano Pizzeria,9.4,Pizza,$,0,23
842,3. شاي وسمسم,9.4,Café,$,0,8
843,4. Stones,9.3,Café,$,0,8
844,5. Sakaf Cafe,9.3,Café,$,0,8
845,6. Lauda,9.2,Sandwich Spot,$,0,27
846,7. Yubah Bakery,9.1,Bakery,$,0,4
847,8. PORTAFILTER بورتافلتر,9.1,Café,$,0,8
848,9. AlHatab Bakery,9.1,Bakery,$,0,4
849,10. فطاير عالطاير للوجبات السريعة,9.0,Fast Food,$,0,12
850,1. Dunkin’ Donuts Drive Thru,9.4,Donuts,$,0,9
851,2. Oregano Pizzeria,9.4,Pizza,$,0,23
852,3. شاي وسمسم,9.4,Café,$,0,8
853,4. Stones,9.3,Café,$,0,8
854,5. Sakaf Cafe,9.3,Café,$,0,8
855,6. Lauda,9.2,Sandwich Spot,$,0,27
856,7. Yubah Bakery,9.1,Bakery,$,0,4
857,8. PORTAFILTER بورتافلتر,9.1,Café,$,0,8
858,9. AlHatab Bakery,9.1,Bakery,$,0,4
859,10. فطاير عالطاير للوجبات السريعة,9.0,Fast Food,$,0,12
860,1. Dunkin’ Donuts Drive Thru,9.4,Donuts,$,0,9
861,2. Oregano Pizzeria,9.4,Pizza,$,0,23
862,3. شاي وسمسم,9.4,Café,$,0,8
863,4. Stones,9.3,Café,$,0,8
864,5. Sakaf Cafe,9.3,Café,$,0,8
865,6. Lauda,9.2,Sandwich Spot,$,0,27
866,7. Yubah Bakery,9.1,Bakery,$,0,4
867,8. PORTAFILTER بورتافلتر,9.1,Café,$,0,8
868,9. AlHatab Bakery,9.1,Bakery,$,0,4
869,10. فطاير عالطاير للوجبات السريعة,9.0,Fast Food,$,0,12
870,1. Dunkin’ Donuts Drive Thru,9.4,Donuts,$,0,9
871,2. Oregano Pizzeria,9.4,Pizza,$,0,23
872,3. شاي وسمسم,9.4,Café,$,0,8
873,4. Stones,9.3,Café,$,0,8
874,5. Sakaf Cafe,9.3,Café,$,0,8
875,6. Lauda,9.2,Sandwich Spot,$,0,27
876,7. Yubah Bakery,9.1,Bakery,$,0,4
877,8. PORTAFILTER بورتافلتر,9.1,Café,$,0,8
878,9. AlHatab Bakery,9.1,Bakery,$,0,4
879,10. فطاير عالطاير للوجبات السريعة,9.0,Fast Food,$,0,12
880,1. Dunkin’ Donuts Drive Thru,9.4,Donuts,$,0,9
881,2. Oregano Pizzeria,9.4,Pizza,$,0,23
882,3. شاي وسمسم,9.4,Café,$,0,8
883,4. Stones,9.3,Café,$,0,8
884,5. Sakaf Cafe,9.3,Café,$,0,8
885,6. Lauda,9.2,Sandwich Spot,$,0,27
886,7. Yubah Bakery,9.1,Bakery,$,0,4
887,8. PORTAFILTER بورتافلتر,9.1,Café,$,0,8
888,9. AlHatab Bakery,9.1,Bakery,$,0,4
889,10. فطاير عالطاير للوجبات السريعة,9.0,Fast Food,$,0,12
890,1. Dunkin’ Donuts Drive Thru,9.4,Donuts,$,0,9
891,2. Oregano Pizzeria,9.4,Pizza,$,0,23
892,3. شاي وسمسم,9.4,Café,$,0,8
893,4. Stones,9.3,Café,$,0,8
894,5. Sakaf Cafe,9.3,Café,$,0,8
895,6. Lauda,9.2,Sandwich Spot,$,0,27
896,7. Yubah Bakery,9.1,Bakery,$,0,4
897,8. PORTAFILTER بورتافلتر,9.1,Café,$,0,8
898,9. AlHatab Bakery,9.1,Bakery,$,0,4
899,10. فطاير عالطاير للوجبات السريعة,9.0,Fast Food,$,0,12
900,1. Dunkin’ Donuts Drive Thru,9.4,Donuts,$,0,9
901,2. Oregano Pizzeria,9.4,Pizza,$,0,23
902,3. شاي وسمسم,9.4,Café,$,0,8
903,4. Stones,9.3,Café,$,0,8
904,5. Sakaf Cafe,9.3,Café,$,0,8
905,6. Lauda,9.2,Sandwich Spot,$,0,27
906,7. Yubah Bakery,9.1,Bakery,$,0,4
907,8. PORTAFILTER بورتافلتر,9.1,Café,$,0,8
908,9. AlHatab Bakery,9.1,Bakery,$,0,4
909,10. فطاير عالطاير للوجبات السريعة,9.0,Fast Food,$,0,12
910,1. Dunkin’ Donuts Drive Thru,9.4,Donuts,$,0,9
911,2. Oregano Pizzeria,9.4,Pizza,$,0,23
912,3. شاي وسمسم,9.4,Café,$,0,8
913,4. Stones,9.3,Café,$,0,8
914,5. Sakaf Cafe,9.3,Café,$,0,8
915,6. Lauda,9.2,Sandwich Spot,$,0,27
916,7. Yubah Bakery,9.1,Bakery,$,0,4
917,8. PORTAFILTER بورتافلتر,9.1,Café,$,0,8
918,9. AlHatab Bakery,9.1,Bakery,$,0,4
919,10. فطاير عالطاير للوجبات السريعة,9.0,Fast Food,$,0,12
920,1. Dunkin’ Donuts Drive Thru,9.4,Donuts,$,0,9
921,2. Oregano Pizzeria,9.4,Pizza,$,0,23
922,3. شاي وسمسم,9.4,Café,$,0,8
923,4. Stones,9.3,Café,$,0,8
924,5. Sakaf Cafe,9.3,Café,$,0,8
925,6. Lauda,9.2,Sandwich Spot,$,0,27
926,7. Yubah Bakery,9.1,Bakery,$,0,4
927,8. PORTAFILTER بورتافلتر,9.1,Café,$,0,8
928,9. AlHatab Bakery,9.1,Bakery,$,0,4
929,10. فطاير عالطاير للوجبات السريعة,9.0,Fast Food,$,0,12
930,1. Dunkin’ Donuts Drive Thru,9.4,Donuts,$,0,9
931,2. Oregano Pizzeria,9.4,Pizza,$,0,23
932,3. شاي وسمسم,9.4,Café,$,0,8
933,4. Stones,9.3,Café,$,0,8
934,5. Sakaf Cafe,9.3,Café,$,0,8
935,6. Lauda,9.2,Sandwich Spot,$,0,27
936,7. Yubah Bakery,9.1,Bakery,$,0,4
937,8. PORTAFILTER بورتافلتر,9.1,Café,$,0,8
938,9. AlHatab Bakery,9.1,Bakery,$,0,4
939,10. فطاير عالطاير للوجبات السريعة,9.0,Fast Food,$,0,12
940,1. AlNaqaa,9.4,Breakfast,$,0,5
941,2. فرن صحيفة وفطائر شامية,9.3,Bakery,$,0,4
942,3. مطاعم ومطابخ باخلعه- مندي ومكتوم,9.2,Middle Eastern,$$,1,22
943,4. محامص ومطاحن السوادي,9.2,Snacks,$,0,30
944,5. مقصف Muqsaf 90,9.2,Breakfast,$,0,5
945,6. Fawal Alafrah,9.1,Breakfast,$,0,5
946,7. AL TYSEER,9.0,Middle Eastern,$$,1,22
947,8. AlNaqaa,9.0,Breakfast,$,0,5
948,1. AlNaqaa,9.4,Breakfast,$,0,5
949,2. فرن صحيفة وفطائر شامية,9.3,Bakery,$,0,4
950,3. مطاعم ومطابخ باخلعه- مندي ومكتوم,9.2,Middle Eastern,$$,1,22
951,4. محامص ومطاحن السوادي,9.2,Snacks,$,0,30
952,5. مقصف Muqsaf 90,9.2,Breakfast,$,0,5
953,6. Fawal Alafrah,9.1,Breakfast,$,0,5
954,7. AL TYSEER,9.0,Middle Eastern,$$,1,22
955,8. AlNaqaa,9.0,Breakfast,$,0,5
956,1. AlNaqaa,9.4,Breakfast,$,0,5
957,2. فرن صحيفة وفطائر شامية,9.3,Bakery,$,0,4
958,3. مطاعم ومطابخ باخلعه- مندي ومكتوم,9.2,Middle Eastern,$$,1,22
959,4. محامص ومطاحن السوادي,9.2,Snacks,$,0,30
960,5. مقصف Muqsaf 90,9.2,Breakfast,$,0,5
961,6. Fawal Alafrah,9.1,Breakfast,$,0,5
962,7. AL TYSEER,9.0,Middle Eastern,$$,1,22
963,8. AlNaqaa,9.0,Breakfast,$,0,5
964,1. AlNaqaa,9.4,Breakfast,$,0,5
965,2. فرن صحيفة وفطائر شامية,9.3,Bakery,$,0,4
966,3. مطاعم ومطابخ باخلعه- مندي ومكتوم,9.2,Middle Eastern,$$,1,22
967,4. محامص ومطاحن السوادي,9.2,Snacks,$,0,30
968,5. مقصف Muqsaf 90,9.2,Breakfast,$,0,5
969,6. Fawal Alafrah,9.1,Breakfast,$,0,5
970,7. AL TYSEER,9.0,Middle Eastern,$$,1,22
971,8. AlNaqaa,9.0,Breakfast,$,0,5
972,1. AlNaqaa,9.4,Breakfast,$,0,5
973,2. فرن صحيفة وفطائر شامية,9.3,Bakery,$,0,4
974,3. مطاعم ومطابخ باخلعه- مندي ومكتوم,9.2,Middle Eastern,$$,1,22
975,4. محامص ومطاحن السوادي,9.2,Snacks,$,0,30
976,5. مقصف Muqsaf 90,9.2,Breakfast,$,0,5
977,6. Fawal Alafrah,9.1,Breakfast,$,0,5
978,7. AL TYSEER,9.0,Middle Eastern,$$,1,22
979,8. AlNaqaa,9.0,Breakfast,$,0,5
980,1. AlNaqaa,9.4,Breakfast,$,0,5
981,2. فرن صحيفة وفطائر شامية,9.3,Bakery,$,0,4
982,3. مطاعم ومطابخ باخلعه- مندي ومكتوم,9.2,Middle Eastern,$$,1,22
983,4. محامص ومطاحن السوادي,9.2,Snacks,$,0,30
984,5. مقصف Muqsaf 90,9.2,Breakfast,$,0,5
985,6. Fawal Alafrah,9.1,Breakfast,$,0,5
986,7. AL TYSEER,9.0,Middle Eastern,$$,1,22
987,8. AlNaqaa,9.0,Breakfast,$,0,5
988,1. AlNaqaa,9.4,Breakfast,$,0,5
989,2. فرن صحيفة وفطائر شامية,9.3,Bakery,$,0,4
990,3. مطاعم ومطابخ باخلعه- مندي ومكتوم,9.2,Middle Eastern,$$,1,22
991,4. محامص ومطاحن السوادي,9.2,Snacks,$,0,30
992,5. مقصف Muqsaf 90,9.2,Breakfast,$,0,5
993,6. Fawal Alafrah,9.1,Breakfast,$,0,5
994,7. AL TYSEER,9.0,Middle Eastern,$$,1,22
995,8. AlNaqaa,9.0,Breakfast,$,0,5
996,1. AlNaqaa,9.4,Breakfast,$,0,5
997,2. فرن صحيفة وفطائر شامية,9.3,Bakery,$,0,4
998,3. مطاعم ومطابخ باخلعه- مندي ومكتوم,9.2,Middle Eastern,$$,1,22
999,4. محامص ومطاحن السوادي,9.2,Snacks,$,0,30
1000,5. مقصف Muqsaf 90,9.2,Breakfast,$,0,5
1001,6. Fawal Alafrah,9.1,Breakfast,$,0,5
1002,7. AL TYSEER,9.0,Middle Eastern,$$,1,22
1003,8. AlNaqaa,9.0,Breakfast,$,0,5
1004,1. AlNaqaa,9.4,Breakfast,$,0,5
1005,2. فرن صحيفة وفطائر شامية,9.3,Bakery,$,0,4
1006,3. مطاعم ومطابخ باخلعه- مندي ومكتوم,9.2,Middle Eastern,$$,1,22
1007,4. محامص ومطاحن السوادي,9.2,Snacks,$,0,30
1008,5. مقصف Muqsaf 90,9.2,Breakfast,$,0,5
1009,6. Fawal Alafrah,9.1,Breakfast,$,0,5
1010,7. AL TYSEER,9.0,Middle Eastern,$$,1,22
1011,8. AlNaqaa,9.0,Breakfast,$,0,5
1012,1. AlNaqaa,9.4,Breakfast,$,0,5
1013,2. فرن صحيفة وفطائر شامية,9.3,Bakery,$,0,4
1014,3. مطاعم ومطابخ باخلعه- مندي ومكتوم,9.2,Middle Eastern,$$,1,22
1015,4. محامص ومطاحن السوادي,9.2,Snacks,$,0,30
1016,5. مقصف Muqsaf 90,9.2,Breakfast,$,0,5
1017,6. Fawal Alafrah,9.1,Breakfast,$,0,5
1018,7. AL TYSEER,9.0,Middle Eastern,$$,1,22
1019,8. AlNaqaa,9.0,Breakfast,$,0,5
1020,1. Ba’a Bakehouse,9.6,Bakery,$,0,4
1021,2. ساين,9.4,Burgers,$,0,7
1022,3. Miray Specialty Cafe,9.1,Café,$,0,8
1023,4. Finding Sushi,9.1,Sushi,$$,1,32
1024,5. شواية الخليج,9.0,Middle Eastern,$$,1,22
1025,1. Ba’a Bakehouse,9.6,Bakery,$,0,4
1026,2. ساين,9.4,Burgers,$,0,7
1027,3. Miray Specialty Cafe,9.1,Café,$,0,8
1028,4. Finding Sushi,9.1,Sushi,$$,1,32
1029,5. شواية الخليج,9.0,Middle Eastern,$$,1,22
1030,1. Ba’a Bakehouse,9.6,Bakery,$,0,4
1031,2. ساين,9.4,Burgers,$,0,7
1032,3. Miray Specialty Cafe,9.1,Café,$,0,8
1033,4. Finding Sushi,9.1,Sushi,$$,1,32
1034,5. شواية الخليج,9.0,Middle Eastern,$$,1,22
1035,1. Ba’a Bakehouse,9.6,Bakery,$,0,4
1036,2. ساين,9.4,Burgers,$,0,7
1037,3. Miray Specialty Cafe,9.1,Café,$,0,8
1038,4. Finding Sushi,9.1,Sushi,$$,1,32
1039,5. شواية الخليج,9.0,Middle Eastern,$$,1,22
1040,1. Ba’a Bakehouse,9.6,Bakery,$,0,4
1041,2. ساين,9.4,Burgers,$,0,7
1042,3. Miray Specialty Cafe,9.1,Café,$,0,8
1043,4. Finding Sushi,9.1,Sushi,$$,1,32
1044,5. شواية الخليج,9.0,Middle Eastern,$$,1,22
1045,1. Ba’a Bakehouse,9.6,Bakery,$,0,4
1046,2. ساين,9.4,Burgers,$,0,7
1047,3. Miray Specialty Cafe,9.1,Café,$,0,8
1048,4. Finding Sushi,9.1,Sushi,$$,1,32
1049,5. شواية الخليج,9.0,Middle Eastern,$$,1,22
1050,1. Ba’a Bakehouse,9.6,Bakery,$,0,4
1051,2. ساين,9.4,Burgers,$,0,7
1052,3. Miray Specialty Cafe,9.1,Café,$,0,8
1053,4. Finding Sushi,9.1,Sushi,$$,1,32
1054,5. شواية الخليج,9.0,Middle Eastern,$$,1,22
1055,1. Ba’a Bakehouse,9.6,Bakery,$,0,4
1056,2. ساين,9.4,Burgers,$,0,7
1057,3. Miray Specialty Cafe,9.1,Café,$,0,8
1058,4. Finding Sushi,9.1,Sushi,$$,1,32
1059,5. شواية الخليج,9.0,Middle Eastern,$$,1,22
1060,1. Ba’a Bakehouse,9.6,Bakery,$,0,4
1061,2. ساين,9.4,Burgers,$,0,7
1062,3. Miray Specialty Cafe,9.1,Café,$,0,8
1063,4. Finding Sushi,9.1,Sushi,$$,1,32
1064,5. شواية الخليج,9.0,Middle Eastern,$$,1,22
1065,1. Ba’a Bakehouse,9.6,Bakery,$,0,4
1066,2. ساين,9.4,Burgers,$,0,7
1067,3. Miray Specialty Cafe,9.1,Café,$,0,8
1068,4. Finding Sushi,9.1,Sushi,$$,1,32
1069,5. شواية الخليج,9.0,Middle Eastern,$$,1,22
1070,1. Al Mamlaka Social Dining,9.5,Food Court,$,0,13
1071,2. Easy Bakery,9.5,Bakery,$$$,2,4
1072,3. حطبة,9.3,Restaurant,$$$,2,25
1073,4. LPM,9.3,French,$$,1,15
1074,5. Farroug Al Shifa Resturant,9.3,Shawarma Restaurant,$,0,29
1075,6. Entrecôte Café de Paris,9.3,Swiss,$$,1,33
1076,7. Oakberry Açai,9.3,Vegan and Vegetarian Restaurant,$$$$,3,34
1077,8. DUNKIN' DONUTS,9.3,Donuts,$$,1,9
1078,9. Armin,9.2,Mediterranean,$,0,21
1079,10. Marble Cuisine,9.2,Steakhouse,$,0,31
1080,11. Yawmiyat,9.1,Lebanese,$,0,20
1081,12. LA RUSTICA Pizzeria,9.1,Pizza,$,0,23
1082,13. بوفية دار الصباح,9.1,Breakfast,$$$$,3,5
1083,14. كبدة سعد,9.1,Breakfast,$,0,5
1084,15. Yogi,9.1,Sandwich Spot,$,0,27
1085,16. دوّار السّعادة,9.1,Buffet,$$$,2,6
1086,17. TRIESTE,9.1,Café,$,0,8
1087,18. Villa Fayrouz,9.0,Restaurant,$$$,2,25
1088,19. PORTERHOUSE,9.0,Steakhouse,$$,1,31
1089,20. ‏Ajam Coffee,9.0,Café,$,0,8
1090,21. Urth caffé,9.0,Food Court,$$,1,13
1091,22. Sahaeb Taiba,9.0,Bakery,$,0,4
1092,1. Al Mamlaka Social Dining,9.5,Food Court,$,0,13
1093,2. Easy Bakery,9.5,Bakery,$$$,2,4
1094,3. حطبة,9.3,Restaurant,$$$,2,25
1095,4. LPM,9.3,French,$$,1,15
1096,5. Farroug Al Shifa Resturant,9.3,Shawarma Restaurant,$,0,29
1097,6. Entrecôte Café de Paris,9.3,Swiss,$$,1,33
1098,7. Oakberry Açai,9.3,Vegan and Vegetarian Restaurant,$$$$,3,34
1099,8. DUNKIN' DONUTS,9.3,Donuts,$$,1,9
1100,9. Armin,9.2,Mediterranean,$,0,21
1101,10. Marble Cuisine,9.2,Steakhouse,$,0,31
1102,11. Yawmiyat,9.1,Lebanese,$,0,20
1103,12. LA RUSTICA Pizzeria,9.1,Pizza,$,0,23
1104,13. بوفية دار الصباح,9.1,Breakfast,$$$$,3,5
1105,14. كبدة سعد,9.1,Breakfast,$,0,5
1106,15. Yogi,9.1,Sandwich Spot,$,0,27
1107,16. دوّار السّعادة,9.1,Buffet,$$$,2,6
1108,17. TRIESTE,9.1,Café,$,0,8
1109,18. Villa Fayrouz,9.0,Restaurant,$$$,2,25
1110,19. PORTERHOUSE,9.0,Steakhouse,$$,1,31
1111,20. ‏Ajam Coffee,9.0,Café,$,0,8
1112,21. Urth caffé,9.0,Food Court,$$,1,13
1113,22. Sahaeb Taiba,9.0,Bakery,$,0,4
1114,1. Al Mamlaka Social Dining,9.5,Food Court,$,0,13
1115,2. Easy Bakery,9.5,Bakery,$$$,2,4
1116,3. حطبة,9.3,Restaurant,$$$,2,25
1117,4. LPM,9.3,French,$$,1,15
1118,5. Farroug Al Shifa Resturant,9.3,Shawarma Restaurant,$,0,29
1119,6. Entrecôte Café de Paris,9.3,Swiss,$$,1,33
1120,7. Oakberry Açai,9.3,Vegan and Vegetarian Restaurant,$$$$,3,34
1121,8. DUNKIN' DONUTS,9.3,Donuts,$$,1,9
1122,9. Armin,9.2,Mediterranean,$,0,21
1123,10. Marble Cuisine,9.2,Steakhouse,$,0,31
1124,11. Yawmiyat,9.1,Lebanese,$,0,20
1125,12. LA RUSTICA Pizzeria,9.1,Pizza,$,0,23
1126,13. بوفية دار الصباح,9.1,Breakfast,$$$$,3,5
1127,14. كبدة سعد,9.1,Breakfast,$,0,5
1128,15. Yogi,9.1,Sandwich Spot,$,0,27
1129,16. دوّار السّعادة,9.1,Buffet,$$$,2,6
1130,17. TRIESTE,9.1,Café,$,0,8
1131,18. Villa Fayrouz,9.0,Restaurant,$$$,2,25
1132,19. PORTERHOUSE,9.0,Steakhouse,$$,1,31
1133,20. ‏Ajam Coffee,9.0,Café,$,0,8
1134,21. Urth caffé,9.0,Food Court,$$,1,13
1135,22. Sahaeb Taiba,9.0,Bakery,$,0,4
1136,1. Al Mamlaka Social Dining,9.5,Food Court,$,0,13
1137,2. Easy Bakery,9.5,Bakery,$$$,2,4
1138,3. حطبة,9.3,Restaurant,$$$,2,25
1139,4. LPM,9.3,French,$$,1,15
1140,5. Farroug Al Shifa Resturant,9.3,Shawarma Restaurant,$,0,29
1141,6. Entrecôte Café de Paris,9.3,Swiss,$$,1,33
1142,7. Oakberry Açai,9.3,Vegan and Vegetarian Restaurant,$$$$,3,34
1143,8. DUNKIN' DONUTS,9.3,Donuts,$$,1,9
1144,9. Armin,9.2,Mediterranean,$,0,21
1145,10. Marble Cuisine,9.2,Steakhouse,$,0,31
1146,11. Yawmiyat,9.1,Lebanese,$,0,20
1147,12. LA RUSTICA Pizzeria,9.1,Pizza,$,0,23
1148,13. بوفية دار الصباح,9.1,Breakfast,$$$$,3,5
1149,14. كبدة سعد,9.1,Breakfast,$,0,5
1150,15. Yogi,9.1,Sandwich Spot,$,0,27
1151,16. دوّار السّعادة,9.1,Buffet,$$$,2,6
1152,17. TRIESTE,9.1,Café,$,0,8
1153,18. Villa Fayrouz,9.0,Restaurant,$$$,2,25
1154,19. PORTERHOUSE,9.0,Steakhouse,$$,1,31
1155,20. ‏Ajam Coffee,9.0,Café,$,0,8
1156,21. Urth caffé,9.0,Food Court,$$,1,13
1157,22. Sahaeb Taiba,9.0,Bakery,$,0,4
1158,1. Al Mamlaka Social Dining,9.5,Food Court,$,0,13
1159,2. Easy Bakery,9.5,Bakery,$$$,2,4
1160,3. حطبة,9.3,Restaurant,$$$,2,25
1161,4. LPM,9.3,French,$$,1,15
1162,5. Farroug Al Shifa Resturant,9.3,Shawarma Restaurant,$,0,29
1163,6. Entrecôte Café de Paris,9.3,Swiss,$$,1,33
1164,7. Oakberry Açai,9.3,Vegan and Vegetarian Restaurant,$$$$,3,34
1165,8. DUNKIN' DONUTS,9.3,Donuts,$$,1,9
1166,9. Armin,9.2,Mediterranean,$,0,21
1167,10. Marble Cuisine,9.2,Steakhouse,$,0,31
1168,11. Yawmiyat,9.1,Lebanese,$,0,20
1169,12. LA RUSTICA Pizzeria,9.1,Pizza,$,0,23
1170,13. بوفية دار الصباح,9.1,Breakfast,$$$$,3,5
1171,14. كبدة سعد,9.1,Breakfast,$,0,5
1172,15. Yogi,9.1,Sandwich Spot,$,0,27
1173,16. دوّار السّعادة,9.1,Buffet,$$$,2,6
1174,17. TRIESTE,9.1,Café,$,0,8
1175,18. Villa Fayrouz,9.0,Restaurant,$$$,2,25
1176,19. PORTERHOUSE,9.0,Steakhouse,$$,1,31
1177,20. ‏Ajam Coffee,9.0,Café,$,0,8
1178,21. Urth caffé,9.0,Food Court,$$,1,13
1179,22. Sahaeb Taiba,9.0,Bakery,$,0,4
1180,1. Al Mamlaka Social Dining,9.5,Food Court,$,0,13
1181,2. Easy Bakery,9.5,Bakery,$$$,2,4
1182,3. حطبة,9.3,Restaurant,$$$,2,25
1183,4. LPM,9.3,French,$$,1,15
1184,5. Farroug Al Shifa Resturant,9.3,Shawarma Restaurant,$,0,29
1185,6. Entrecôte Café de Paris,9.3,Swiss,$$,1,33
1186,7. Oakberry Açai,9.3,Vegan and Vegetarian Restaurant,$$$$,3,34
1187,8. DUNKIN' DONUTS,9.3,Donuts,$$,1,9
1188,9. Armin,9.2,Mediterranean,$,0,21
1189,10. Marble Cuisine,9.2,Steakhouse,$,0,31
1190,11. Yawmiyat,9.1,Lebanese,$,0,20
1191,12. LA RUSTICA Pizzeria,9.1,Pizza,$,0,23
1192,13. بوفية دار الصباح,9.1,Breakfast,$$$$,3,5
1193,14. كبدة سعد,9.1,Breakfast,$,0,5
1194,15. Yogi,9.1,Sandwich Spot,$,0,27
1195,16. دوّار السّعادة,9.1,Buffet,$$$,2,6
1196,17. TRIESTE,9.1,Café,$,0,8
1197,18. Villa Fayrouz,9.0,Restaurant,$$$,2,25
1198,19. PORTERHOUSE,9.0,Steakhouse,$$,1,31
1199,20. ‏Ajam Coffee,9.0,Café,$,0,8
1200,21. Urth caffé,9.0,Food Court,$$,1,13
1201,22. Sahaeb Taiba,9.0,Bakery,$,0,4
1202,1. Al Mamlaka Social Dining,9.5,Food Court,$,0,13
1203,2. Easy Bakery,9.5,Bakery,$$$,2,4
1204,3. حطبة,9.3,Restaurant,$$$,2,25
1205,4. LPM,9.3,French,$$,1,15
1206,5. Farroug Al Shifa Resturant,9.3,Shawarma Restaurant,$,0,29
1207,6. Entrecôte Café de Paris,9.3,Swiss,$$,1,33
1208,7. Oakberry Açai,9.3,Vegan and Vegetarian Restaurant,$$$$,3,34
1209,8. DUNKIN' DONUTS,9.3,Donuts,$$,1,9
1210,9. Armin,9.2,Mediterranean,$,0,21
1211,10. Marble Cuisine,9.2,Steakhouse,$,0,31
1212,11. Yawmiyat,9.1,Lebanese,$,0,20
1213,12. LA RUSTICA Pizzeria,9.1,Pizza,$,0,23
1214,13. بوفية دار الصباح,9.1,Breakfast,$$$$,3,5
1215,14. كبدة سعد,9.1,Breakfast,$,0,5
1216,15. Yogi,9.1,Sandwich Spot,$,0,27
1217,16. دوّار السّعادة,9.1,Buffet,$$$,2,6
1218,17. TRIESTE,9.1,Café,$,0,8
1219,18. Villa Fayrouz,9.0,Restaurant,$$$,2,25
1220,19. PORTERHOUSE,9.0,Steakhouse,$$,1,31
1221,20. ‏Ajam Coffee,9.0,Café,$,0,8
1222,21. Urth caffé,9.0,Food Court,$$,1,13
1223,22. Sahaeb Taiba,9.0,Bakery,$,0,4
1224,1. Al Mamlaka Social Dining,9.5,Food Court,$,0,13
1225,2. Easy Bakery,9.5,Bakery,$$$,2,4
1226,3. حطبة,9.3,Restaurant,$$$,2,25
1227,4. LPM,9.3,French,$$,1,15
1228,5. Farroug Al Shifa Resturant,9.3,Shawarma Restaurant,$,0,29
1229,6. Entrecôte Café de Paris,9.3,Swiss,$$,1,33
1230,7. Oakberry Açai,9.3,Vegan and Vegetarian Restaurant,$$$$,3,34
1231,8. DUNKIN' DONUTS,9.3,Donuts,$$,1,9
1232,9. Armin,9.2,Mediterranean,$,0,21
1233,10. Marble Cuisine,9.2,Steakhouse,$,0,31
1234,11. Yawmiyat,9.1,Lebanese,$,0,20
1235,12. LA RUSTICA Pizzeria,9.1,Pizza,$,0,23
1236,13. بوفية دار الصباح,9.1,Breakfast,$$$$,3,5
1237,14. كبدة سعد,9.1,Breakfast,$,0,5
1238,15. Yogi,9.1,Sandwich Spot,$,0,27
1239,16. دوّار السّعادة,9.1,Buffet,$$$,2,6
1240,17. TRIESTE,9.1,Café,$,0,8
1241,18. Villa Fayrouz,9.0,Restaurant,$$$,2,25
1242,19. PORTERHOUSE,9.0,Steakhouse,$$,1,31
1243,20. ‏Ajam Coffee,9.0,Café,$,0,8
1244,21. Urth caffé,9.0,Food Court,$$,1,13
1245,22. Sahaeb Taiba,9.0,Bakery,$,0,4
1246,1. Al Mamlaka Social Dining,9.5,Food Court,$,0,13
1247,2. Easy Bakery,9.5,Bakery,$$$,2,4
1248,3. حطبة,9.3,Restaurant,$$$,2,25
1249,4. LPM,9.3,French,$$,1,15
1250,5. Farroug Al Shifa Resturant,9.3,Shawarma Restaurant,$,0,29
1251,6. Entrecôte Café de Paris,9.3,Swiss,$$,1,33
1252,7. Oakberry Açai,9.3,Vegan and Vegetarian Restaurant,$$$$,3,34
1253,8. DUNKIN' DONUTS,9.3,Donuts,$$,1,9
1254,9. Armin,9.2,Mediterranean,$,0,21
1255,10. Marble Cuisine,9.2,Steakhouse,$,0,31
1256,11. Yawmiyat,9.1,Lebanese,$,0,20
1257,12. LA RUSTICA Pizzeria,9.1,Pizza,$,0,23
1258,13. بوفية دار الصباح,9.1,Breakfast,$$$$,3,5
1259,14. كبدة سعد,9.1,Breakfast,$,0,5
1260,15. Yogi,9.1,Sandwich Spot,$,0,27
1261,16. دوّار السّعادة,9.1,Buffet,$$$,2,6
1262,17. TRIESTE,9.1,Café,$,0,8
1263,18. Villa Fayrouz,9.0,Restaurant,$$$,2,25
1264,19. PORTERHOUSE,9.0,Steakhouse,$$,1,31
1265,20. ‏Ajam Coffee,9.0,Café,$,0,8
1266,21. Urth caffé,9.0,Food Court,$$,1,13
1267,22. Sahaeb Taiba,9.0,Bakery,$,0,4
1268,1. Al Mamlaka Social Dining,9.5,Food Court,$,0,13
1269,2. Easy Bakery,9.5,Bakery,$$$,2,4
1270,3. حطبة,9.3,Restaurant,$$$,2,25
1271,4. LPM,9.3,French,$$,1,15
1272,5. Farroug Al Shifa Resturant,9.3,Shawarma Restaurant,$,0,29
1273,6. Entrecôte Café de Paris,9.3,Swiss,$$,1,33
1274,7. Oakberry Açai,9.3,Vegan and Vegetarian Restaurant,$$$$,3,34
1275,8. DUNKIN' DONUTS,9.3,Donuts,$$,1,9
1276,9. Armin,9.2,Mediterranean,$,0,21
1277,10. Marble Cuisine,9.2,Steakhouse,$,0,31
1278,11. Yawmiyat,9.1,Lebanese,$,0,20
1279,12. LA RUSTICA Pizzeria,9.1,Pizza,$,0,23
1280,13. بوفية دار الصباح,9.1,Breakfast,$$$$,3,5
1281,14. كبدة سعد,9.1,Breakfast,$,0,5
1282,15. Yogi,9.1,Sandwich Spot,$,0,27
1283,16. دوّار السّعادة,9.1,Buffet,$$$,2,6
1284,17. TRIESTE,9.1,Café,$,0,8
1285,18. Villa Fayrouz,9.0,Restaurant,$$$,2,25
1286,19. PORTERHOUSE,9.0,Steakhouse,$$,1,31
1287,20. ‏Ajam Coffee,9.0,Café,$,0,8
1288,21. Urth caffé,9.0,Food Court,$$,1,13
1289,22. Sahaeb Taiba,9.0,Bakery,$,0,4
1290,1. Knoll Coffee Roasters,9.6,Café,$,0,8
1291,2. Plenty Sld’s,9.6,Salad,$,0,26
1292,3. شاهي ابو وليد,9.5,Café,$,0,8
1293,4. The Sift,9.5,Bakery,$,0,4
1294,5. Unsörso Cafè,9.4,Café,$,0,8
1295,6. Fabrica De Cafe,9.4,Café,$,0,8
1296,7. دوّار السّعادة,9.4,Breakfast,$,0,5
1297,8. McDonald's,9.4,Fast Food,$,0,12
1298,9. The60Pasta,9.4,Food Truck,$,0,14
1299,10. فوال الافراح,9.4,Breakfast,$,0,5
1300,11. Dopeamine,9.4,Bakery,$,0,4
1301,12. أسماك دلة,9.4,Seafood,$$$,2,28
1302,13. Lavash,9.3,Armenian,$,0,1
1303,14. Gimme Salad,9.3,Salad,$$,1,26
1304,15. The Cheesecake Factory,9.3,American,$,0,0
1305,16. بوفيه الموائد الفاخره,9.3,Breakfast,$$,1,5
1306,17. مطعم الحمراء البخاري,9.2,Middle Eastern,$,0,22
1307,18. Red Box,9.2,Restaurant,$$,1,25
1308,19. Shwkat,9.2,Sandwich Spot,$,0,27
1309,20. Tokyo,9.2,Japanese,$,0,19
1310,21. White Cafe,9.2,Café,$,0,8
1311,22. Al Hatab Bakery,9.2,Bakery,$,0,4
1312,23. TOASTABLE,9.2,Sandwich Spot,$,0,27
1313,24. Baōdo,9.2,Burgers,$,0,7
1314,25. MP Sandwich,9.2,Sandwich Spot,$,0,27
1315,26. SORS,9.1,Bakery,$$,1,4
1316,27. Two Things Bakery,9.1,Bakery,$,0,4
1317,28. Kuuru,9.1,Japanese,$,0,19
1318,1. Knoll Coffee Roasters,9.6,Café,$,0,8
1319,2. Plenty Sld’s,9.6,Salad,$,0,26
1320,3. شاهي ابو وليد,9.5,Café,$,0,8
1321,4. The Sift,9.5,Bakery,$,0,4
1322,5. Unsörso Cafè,9.4,Café,$,0,8
1323,6. Fabrica De Cafe,9.4,Café,$,0,8
1324,7. دوّار السّعادة,9.4,Breakfast,$,0,5
1325,8. McDonald's,9.4,Fast Food,$,0,12
1326,9. The60Pasta,9.4,Food Truck,$,0,14
1327,10. فوال الافراح,9.4,Breakfast,$,0,5
1328,11. Dopeamine,9.4,Bakery,$,0,4
1329,12. أسماك دلة,9.4,Seafood,$$$,2,28
1330,13. Lavash,9.3,Armenian,$,0,1
1331,14. Gimme Salad,9.3,Salad,$$,1,26
1332,15. The Cheesecake Factory,9.3,American,$,0,0
1333,16. بوفيه الموائد الفاخره,9.3,Breakfast,$$,1,5
1334,17. مطعم الحمراء البخاري,9.2,Middle Eastern,$,0,22
1335,18. Red Box,9.2,Restaurant,$$,1,25
1336,19. Shwkat,9.2,Sandwich Spot,$,0,27
1337,20. Tokyo,9.2,Japanese,$,0,19
1338,21. White Cafe,9.2,Café,$,0,8
1339,22. Al Hatab Bakery,9.2,Bakery,$,0,4
1340,23. TOASTABLE,9.2,Sandwich Spot,$,0,27
1341,24. Baōdo,9.2,Burgers,$,0,7
1342,25. MP Sandwich,9.2,Sandwich Spot,$,0,27
1343,26. SORS,9.1,Bakery,$$,1,4
1344,27. Two Things Bakery,9.1,Bakery,$,0,4
1345,28. Kuuru,9.1,Japanese,$,0,19
1346,1. Knoll Coffee Roasters,9.6,Café,$,0,8
1347,2. Plenty Sld’s,9.6,Salad,$,0,26
1348,3. شاهي ابو وليد,9.5,Café,$,0,8
1349,4. The Sift,9.5,Bakery,$,0,4
1350,5. Unsörso Cafè,9.4,Café,$,0,8
1351,6. Fabrica De Cafe,9.4,Café,$,0,8
1352,7. دوّار السّعادة,9.4,Breakfast,$,0,5
1353,8. McDonald's,9.4,Fast Food,$,0,12
1354,9. The60Pasta,9.4,Food Truck,$,0,14
1355,10. فوال الافراح,9.4,Breakfast,$,0,5
1356,11. Dopeamine,9.4,Bakery,$,0,4
1357,12. أسماك دلة,9.4,Seafood,$$$,2,28
1358,13. Lavash,9.3,Armenian,$,0,1
1359,14. Gimme Salad,9.3,Salad,$$,1,26
1360,15. The Cheesecake Factory,9.3,American,$,0,0
1361,16. بوفيه الموائد الفاخره,9.3,Breakfast,$$,1,5
1362,17. مطعم الحمراء البخاري,9.2,Middle Eastern,$,0,22
1363,18. Red Box,9.2,Restaurant,$$,1,25
1364,19. Shwkat,9.2,Sandwich Spot,$,0,27
1365,20. Tokyo,9.2,Japanese,$,0,19
1366,21. White Cafe,9.2,Café,$,0,8
1367,22. Al Hatab Bakery,9.2,Bakery,$,0,4
1368,23. TOASTABLE,9.2,Sandwich Spot,$,0,27
1369,24. Baōdo,9.2,Burgers,$,0,7
1370,25. MP Sandwich,9.2,Sandwich Spot,$,0,27
1371,26. SORS,9.1,Bakery,$$,1,4
1372,27. Two Things Bakery,9.1,Bakery,$,0,4
1373,28. Kuuru,9.1,Japanese,$,0,19
1374,1. Knoll Coffee Roasters,9.6,Café,$,0,8
1375,2. Plenty Sld’s,9.6,Salad,$,0,26
1376,3. شاهي ابو وليد,9.5,Café,$,0,8
1377,4. The Sift,9.5,Bakery,$,0,4
1378,5. Unsörso Cafè,9.4,Café,$,0,8
1379,6. Fabrica De Cafe,9.4,Café,$,0,8
1380,7. دوّار السّعادة,9.4,Breakfast,$,0,5
1381,8. McDonald's,9.4,Fast Food,$,0,12
1382,9. The60Pasta,9.4,Food Truck,$,0,14
1383,10. فوال الافراح,9.4,Breakfast,$,0,5
1384,11. Dopeamine,9.4,Bakery,$,0,4
1385,12. أسماك دلة,9.4,Seafood,$$$,2,28
1386,13. Lavash,9.3,Armenian,$,0,1
1387,14. Gimme Salad,9.3,Salad,$$,1,26
1388,15. The Cheesecake Factory,9.3,American,$,0,0
1389,16. بوفيه الموائد الفاخره,9.3,Breakfast,$$,1,5
1390,17. مطعم الحمراء البخاري,9.2,Middle Eastern,$,0,22
1391,18. Red Box,9.2,Restaurant,$$,1,25
1392,19. Shwkat,9.2,Sandwich Spot,$,0,27
1393,20. Tokyo,9.2,Japanese,$,0,19
1394,21. White Cafe,9.2,Café,$,0,8
1395,22. Al Hatab Bakery,9.2,Bakery,$,0,4
1396,23. TOASTABLE,9.2,Sandwich Spot,$,0,27
1397,24. Baōdo,9.2,Burgers,$,0,7
1398,25. MP Sandwich,9.2,Sandwich Spot,$,0,27
1399,26. SORS,9.1,Bakery,$$,1,4
1400,27. Two Things Bakery,9.1,Bakery,$,0,4
1401,28. Kuuru,9.1,Japanese,$,0,19
1402,1. Knoll Coffee Roasters,9.6,Café,$,0,8
1403,2. Plenty Sld’s,9.6,Salad,$,0,26
1404,3. شاهي ابو وليد,9.5,Café,$,0,8
1405,4. The Sift,9.5,Bakery,$,0,4
1406,5. Unsörso Cafè,9.4,Café,$,0,8
1407,6. Fabrica De Cafe,9.4,Café,$,0,8
1408,7. دوّار السّعادة,9.4,Breakfast,$,0,5
1409,8. McDonald's,9.4,Fast Food,$,0,12
1410,9. The60Pasta,9.4,Food Truck,$,0,14
1411,10. فوال الافراح,9.4,Breakfast,$,0,5
1412,11. Dopeamine,9.4,Bakery,$,0,4
1413,12. أسماك دلة,9.4,Seafood,$$$,2,28
1414,13. Lavash,9.3,Armenian,$,0,1
1415,14. Gimme Salad,9.3,Salad,$$,1,26
1416,15. The Cheesecake Factory,9.3,American,$,0,0
1417,16. بوفيه الموائد الفاخره,9.3,Breakfast,$$,1,5
1418,17. مطعم الحمراء البخاري,9.2,Middle Eastern,$,0,22
1419,18. Red Box,9.2,Restaurant,$$,1,25
1420,19. Shwkat,9.2,Sandwich Spot,$,0,27
1421,20. Tokyo,9.2,Japanese,$,0,19
1422,21. White Cafe,9.2,Café,$,0,8
1423,22. Al Hatab Bakery,9.2,Bakery,$,0,4
1424,23. TOASTABLE,9.2,Sandwich Spot,$,0,27
1425,24. Baōdo,9.2,Burgers,$,0,7
1426,25. MP Sandwich,9.2,Sandwich Spot,$,0,27
1427,26. SORS,9.1,Bakery,$$,1,4
1428,27. Two Things Bakery,9.1,Bakery,$,0,4
1429,28. Kuuru,9.1,Japanese,$,0,19
1430,1. Knoll Coffee Roasters,9.6,Café,$,0,8
1431,2. Plenty Sld’s,9.6,Salad,$,0,26
1432,3. شاهي ابو وليد,9.5,Café,$,0,8
1433,4. The Sift,9.5,Bakery,$,0,4
1434,5. Unsörso Cafè,9.4,Café,$,0,8
1435,6. Fabrica De Cafe,9.4,Café,$,0,8
1436,7. دوّار السّعادة,9.4,Breakfast,$,0,5
1437,8. McDonald's,9.4,Fast Food,$,0,12
1438,9. The60Pasta,9.4,Food Truck,$,0,14
1439,10. فوال الافراح,9.4,Breakfast,$,0,5
1440,11. Dopeamine,9.4,Bakery,$,0,4
1441,12. أسماك دلة,9.4,Seafood,$$$,2,28
1442,13. Lavash,9.3,Armenian,$,0,1
1443,14. Gimme Salad,9.3,Salad,$$,1,26
1444,15. The Cheesecake Factory,9.3,American,$,0,0
1445,16. بوفيه الموائد الفاخره,9.3,Breakfast,$$,1,5
1446,17. مطعم الحمراء البخاري,9.2,Middle Eastern,$,0,22
1447,18. Red Box,9.2,Restaurant,$$,1,25
1448,19. Shwkat,9.2,Sandwich Spot,$,0,27
1449,20. Tokyo,9.2,Japanese,$,0,19
1450,21. White Cafe,9.2,Café,$,0,8
1451,22. Al Hatab Bakery,9.2,Bakery,$,0,4
1452,23. TOASTABLE,9.2,Sandwich Spot,$,0,27
1453,24. Baōdo,9.2,Burgers,$,0,7
1454,25. MP Sandwich,9.2,Sandwich Spot,$,0,27
1455,26. SORS,9.1,Bakery,$$,1,4
1456,27. Two Things Bakery,9.1,Bakery,$,0,4
1457,28. Kuuru,9.1,Japanese,$,0,19
1458,1. Knoll Coffee Roasters,9.6,Café,$,0,8
1459,2. Plenty Sld’s,9.6,Salad,$,0,26
1460,3. شاهي ابو وليد,9.5,Café,$,0,8
1461,4. The Sift,9.5,Bakery,$,0,4
1462,5. Unsörso Cafè,9.4,Café,$,0,8
1463,6. Fabrica De Cafe,9.4,Café,$,0,8
1464,7. دوّار السّعادة,9.4,Breakfast,$,0,5
1465,8. McDonald's,9.4,Fast Food,$,0,12
1466,9. The60Pasta,9.4,Food Truck,$,0,14
1467,10. فوال الافراح,9.4,Breakfast,$,0,5
1468,11. Dopeamine,9.4,Bakery,$,0,4
1469,12. أسماك دلة,9.4,Seafood,$$$,2,28
1470,13. Lavash,9.3,Armenian,$,0,1
1471,14. Gimme Salad,9.3,Salad,$$,1,26
1472,15. The Cheesecake Factory,9.3,American,$,0,0
1473,16. بوفيه الموائد الفاخره,9.3,Breakfast,$$,1,5
1474,17. مطعم الحمراء البخاري,9.2,Middle Eastern,$,0,22
1475,18. Red Box,9.2,Restaurant,$$,1,25
1476,19. Shwkat,9.2,Sandwich Spot,$,0,27
1477,20. Tokyo,9.2,Japanese,$,0,19
1478,21. White Cafe,9.2,Café,$,0,8
1479,22. Al Hatab Bakery,9.2,Bakery,$,0,4
1480,23. TOASTABLE,9.2,Sandwich Spot,$,0,27
1481,24. Baōdo,9.2,Burgers,$,0,7
1482,25. MP Sandwich,9.2,Sandwich Spot,$,0,27
1483,26. SORS,9.1,Bakery,$$,1,4
1484,27. Two Things Bakery,9.1,Bakery,$,0,4
1485,28. Kuuru,9.1,Japanese,$,0,19
1486,1. Knoll Coffee Roasters,9.6,Café,$,0,8
1487,2. Plenty Sld’s,9.6,Salad,$,0,26
1488,3. شاهي ابو وليد,9.5,Café,$,0,8
1489,4. The Sift,9.5,Bakery,$,0,4
1490,5. Unsörso Cafè,9.4,Café,$,0,8
1491,6. Fabrica De Cafe,9.4,Café,$,0,8
1492,7. دوّار السّعادة,9.4,Breakfast,$,0,5
1493,8. McDonald's,9.4,Fast Food,$,0,12
1494,9. The60Pasta,9.4,Food Truck,$,0,14
1495,10. فوال الافراح,9.4,Breakfast,$,0,5
1496,11. Dopeamine,9.4,Bakery,$,0,4
1497,12. أسماك دلة,9.4,Seafood,$$$,2,28
1498,13. Lavash,9.3,Armenian,$,0,1
1499,14. Gimme Salad,9.3,Salad,$$,1,26
1500,15. The Cheesecake Factory,9.3,American,$,0,0
1501,16. بوفيه الموائد الفاخره,9.3,Breakfast,$$,1,5
1502,17. مطعم الحمراء البخاري,9.2,Middle Eastern,$,0,22
1503,18. Red Box,9.2,Restaurant,$$,1,25
1504,19. Shwkat,9.2,Sandwich Spot,$,0,27
1505,20. Tokyo,9.2,Japanese,$,0,19
1506,21. White Cafe,9.2,Café,$,0,8
1507,22. Al Hatab Bakery,9.2,Bakery,$,0,4
1508,23. TOASTABLE,9.2,Sandwich Spot,$,0,27
1509,24. Baōdo,9.2,Burgers,$,0,7
1510,25. MP Sandwich,9.2,Sandwich Spot,$,0,27
1511,26. SORS,9.1,Bakery,$$,1,4
1512,27. Two Things Bakery,9.1,Bakery,$,0,4
1513,28. Kuuru,9.1,Japanese,$,0,19
1514,1. Knoll Coffee Roasters,9.6,Café,$,0,8
1515,2. Plenty Sld’s,9.6,Salad,$,0,26
1516,3. شاهي ابو وليد,9.5,Café,$,0,8
1517,4. The Sift,9.5,Bakery,$,0,4
1518,5. Unsörso Cafè,9.4,Café,$,0,8
1519,6. Fabrica De Cafe,9.4,Café,$,0,8
1520,7. دوّار السّعادة,9.4,Breakfast,$,0,5
1521,8. McDonald's,9.4,Fast Food,$,0,12
1522,9. The60Pasta,9.4,Food Truck,$,0,14
1523,10. فوال الافراح,9.4,Breakfast,$,0,5
1524,11. Dopeamine,9.4,Bakery,$,0,4
1525,12. أسماك دلة,9.4,Seafood,$$$,2,28
1526,13. Lavash,9.3,Armenian,$,0,1
1527,14. Gimme Salad,9.3,Salad,$$,1,26
1528,15. The Cheesecake Factory,9.3,American,$,0,0
1529,16. بوفيه الموائد الفاخره,9.3,Breakfast,$$,1,5
1530,17. مطعم الحمراء البخاري,9.2,Middle Eastern,$,0,22
1531,18. Red Box,9.2,Restaurant,$$,1,25
1532,19. Shwkat,9.2,Sandwich Spot,$,0,27
1533,20. Tokyo,9.2,Japanese,$,0,19
1534,21. White Cafe,9.2,Café,$,0,8
1535,22. Al Hatab Bakery,9.2,Bakery,$,0,4
1536,23. TOASTABLE,9.2,Sandwich Spot,$,0,27
1537,24. Baōdo,9.2,Burgers,$,0,7
1538,25. MP Sandwich,9.2,Sandwich Spot,$,0,27
1539,26. SORS,9.1,Bakery,$$,1,4
1540,27. Two Things Bakery,9.1,Bakery,$,0,4
1541,28. Kuuru,9.1,Japanese,$,0,19
1542,1. Knoll Coffee Roasters,9.6,Café,$,0,8
1543,2. Plenty Sld’s,9.6,Salad,$,0,26
1544,3. شاهي ابو وليد,9.5,Café,$,0,8
1545,4. The Sift,9.5,Bakery,$,0,4
1546,5. Unsörso Cafè,9.4,Café,$,0,8
1547,6. Fabrica De Cafe,9.4,Café,$,0,8
1548,7. دوّار السّعادة,9.4,Breakfast,$,0,5
1549,8. McDonald's,9.4,Fast Food,$,0,12
1550,9. The60Pasta,9.4,Food Truck,$,0,14
1551,10. فوال الافراح,9.4,Breakfast,$,0,5
1552,11. Dopeamine,9.4,Bakery,$,0,4
1553,12. أسماك دلة,9.4,Seafood,$$$,2,28
1554,13. Lavash,9.3,Armenian,$,0,1
1555,14. Gimme Salad,9.3,Salad,$$,1,26
1556,15. The Cheesecake Factory,9.3,American,$,0,0
1557,16. بوفيه الموائد الفاخره,9.3,Breakfast,$$,1,5
1558,17. مطعم الحمراء البخاري,9.2,Middle Eastern,$,0,22
1559,18. Red Box,9.2,Restaurant,$$,1,25
1560,19. Shwkat,9.2,Sandwich Spot,$,0,27
1561,20. Tokyo,9.2,Japanese,$,0,19
1562,21. White Cafe,9.2,Café,$,0,8
1563,22. Al Hatab Bakery,9.2,Bakery,$,0,4
1564,23. TOASTABLE,9.2,Sandwich Spot,$,0,27
1565,24. Baōdo,9.2,Burgers,$,0,7
1566,25. MP Sandwich,9.2,Sandwich Spot,$,0,27
1567,26. SORS,9.1,Bakery,$$,1,4
1568,27. Two Things Bakery,9.1,Bakery,$,0,4
1569,28. Kuuru,9.1,Japanese,$,0,19
1570,1. OREGANO PIZZERIA,9.3,Pizza,$,0,23
1571,2. Mama Noura,9.3,Shawarma Restaurant,$$,1,29
1572,3. بيراديز للمأكولات الهنديه | Peradiz,9.2,Indian,$,0,17
1573,4. Al Hatab Bakery,9.1,Bakery,$$,1,4
1574,5. La Casa Pasta,9.1,Italian,$$,1,18
1575,6. HATABA,9.0,BBQ,$,0,3
1576,7. Dunkin' Donuts,9.0,Donuts,$,0,9
1577,8. اسطا عاصم Usta asim,9.0,Shawarma Restaurant,$,0,29
1578,9. McDonald’s,9.0,Fast Food,$,0,12
1579,10. Al Hatab Bakery,9.0,Bakery,$,0,4
1580,11. Dunkin' Donuts,9.0,Donuts,$,0,9
1581,1. OREGANO PIZZERIA,9.3,Pizza,$,0,23
1582,2. Mama Noura,9.3,Shawarma Restaurant,$$,1,29
1583,3. بيراديز للمأكولات الهنديه | Peradiz,9.2,Indian,$,0,17
1584,4. Al Hatab Bakery,9.1,Bakery,$$,1,4
1585,5. La Casa Pasta,9.1,Italian,$$,1,18
1586,6. HATABA,9.0,BBQ,$,0,3
1587,7. Dunkin' Donuts,9.0,Donuts,$,0,9
1588,8. اسطا عاصم Usta asim,9.0,Shawarma Restaurant,$,0,29
1589,9. McDonald’s,9.0,Fast Food,$,0,12
1590,10. Al Hatab Bakery,9.0,Bakery,$,0,4
1591,11. Dunkin' Donuts,9.0,Donuts,$,0,9
1592,1. OREGANO PIZZERIA,9.3,Pizza,$,0,23
1593,2. Mama Noura,9.3,Shawarma Restaurant,$$,1,29
1594,3. بيراديز للمأكولات الهنديه | Peradiz,9.2,Indian,$,0,17
1595,4. Al Hatab Bakery,9.1,Bakery,$$,1,4
1596,5. La Casa Pasta,9.1,Italian,$$,1,18
1597,6. HATABA,9.0,BBQ,$,0,3
1598,7. Dunkin' Donuts,9.0,Donuts,$,0,9
1599,8. اسطا عاصم Usta asim,9.0,Shawarma Restaurant,$,0,29
1600,9. McDonald’s,9.0,Fast Food,$,0,12
1601,10. Al Hatab Bakery,9.0,Bakery,$,0,4
1602,11. Dunkin' Donuts,9.0,Donuts,$,0,9
1603,1. OREGANO PIZZERIA,9.3,Pizza,$,0,23
1604,2. Mama Noura,9.3,Shawarma Restaurant,$$,1,29
1605,3. بيراديز للمأكولات الهنديه | Peradiz,9.2,Indian,$,0,17
1606,4. Al Hatab Bakery,9.1,Bakery,$$,1,4
1607,5. La Casa Pasta,9.1,Italian,$$,1,18
1608,6. HATABA,9.0,BBQ,$,0,3
1609,7. Dunkin' Donuts,9.0,Donuts,$,0,9
1610,8. اسطا عاصم Usta asim,9.0,Shawarma Restaurant,$,0,29
1611,9. McDonald’s,9.0,Fast Food,$,0,12
1612,10. Al Hatab Bakery,9.0,Bakery,$,0,4
1613,11. Dunkin' Donuts,9.0,Donuts,$,0,9
1614,1. OREGANO PIZZERIA,9.3,Pizza,$,0,23
1615,2. Mama Noura,9.3,Shawarma Restaurant,$$,1,29
1616,3. بيراديز للمأكولات الهنديه | Peradiz,9.2,Indian,$,0,17
1617,4. Al Hatab Bakery,9.1,Bakery,$$,1,4
1618,5. La Casa Pasta,9.1,Italian,$$,1,18
1619,6. HATABA,9.0,BBQ,$,0,3
1620,7. Dunkin' Donuts,9.0,Donuts,$,0,9
1621,8. اسطا عاصم Usta asim,9.0,Shawarma Restaurant,$,0,29
1622,9. McDonald’s,9.0,Fast Food,$,0,12
1623,10. Al Hatab Bakery,9.0,Bakery,$,0,4
1624,11. Dunkin' Donuts,9.0,Donuts,$,0,9
1625,1. OREGANO PIZZERIA,9.3,Pizza,$,0,23
1626,2. Mama Noura,9.3,Shawarma Restaurant,$$,1,29
1627,3. بيراديز للمأكولات الهنديه | Peradiz,9.2,Indian,$,0,17
1628,4. Al Hatab Bakery,9.1,Bakery,$$,1,4
1629,5. La Casa Pasta,9.1,Italian,$$,1,18
1630,6. HATABA,9.0,BBQ,$,0,3
1631,7. Dunkin' Donuts,9.0,Donuts,$,0,9
1632,8. اسطا عاصم Usta asim,9.0,Shawarma Restaurant,$,0,29
1633,9. McDonald’s,9.0,Fast Food,$,0,12
1634,10. Al Hatab Bakery,9.0,Bakery,$,0,4
1635,11. Dunkin' Donuts,9.0,Donuts,$,0,9
1636,1. OREGANO PIZZERIA,9.3,Pizza,$,0,23
1637,2. Mama Noura,9.3,Shawarma Restaurant,$$,1,29
1638,3. بيراديز للمأكولات الهنديه | Peradiz,9.2,Indian,$,0,17
1639,4. Al Hatab Bakery,9.1,Bakery,$$,1,4
1640,5. La Casa Pasta,9.1,Italian,$$,1,18
1641,6. HATABA,9.0,BBQ,$,0,3
1642,7. Dunkin' Donuts,9.0,Donuts,$,0,9
1643,8. اسطا عاصم Usta asim,9.0,Shawarma Restaurant,$,0,29
1644,9. McDonald’s,9.0,Fast Food,$,0,12
1645,10. Al Hatab Bakery,9.0,Bakery,$,0,4
1646,11. Dunkin' Donuts,9.0,Donuts,$,0,9
1647,1. OREGANO PIZZERIA,9.3,Pizza,$,0,23
1648,2. Mama Noura,9.3,Shawarma Restaurant,$$,1,29
1649,3. بيراديز للمأكولات الهنديه | Peradiz,9.2,Indian,$,0,17
1650,4. Al Hatab Bakery,9.1,Bakery,$$,1,4
1651,5. La Casa Pasta,9.1,Italian,$$,1,18
1652,6. HATABA,9.0,BBQ,$,0,3
1653,7. Dunkin' Donuts,9.0,Donuts,$,0,9
1654,8. اسطا عاصم Usta asim,9.0,Shawarma Restaurant,$,0,29
1655,9. McDonald’s,9.0,Fast Food,$,0,12
1656,10. Al Hatab Bakery,9.0,Bakery,$,0,4
1657,11. Dunkin' Donuts,9.0,Donuts,$,0,9
1658,1. OREGANO PIZZERIA,9.3,Pizza,$,0,23
1659,2. Mama Noura,9.3,Shawarma Restaurant,$$,1,29
1660,3. بيراديز للمأكولات الهنديه | Peradiz,9.2,Indian,$,0,17
1661,4. Al Hatab Bakery,9.1,Bakery,$$,1,4
1662,5. La Casa Pasta,9.1,Italian,$$,1,18
1663,6. HATABA,9.0,BBQ,$,0,3
1664,7. Dunkin' Donuts,9.0,Donuts,$,0,9
1665,8. اسطا عاصم Usta asim,9.0,Shawarma Restaurant,$,0,29
1666,9. McDonald’s,9.0,Fast Food,$,0,12
1667,10. Al Hatab Bakery,9.0,Bakery,$,0,4
1668,11. Dunkin' Donuts,9.0,Donuts,$,0,9
1669,1. OREGANO PIZZERIA,9.3,Pizza,$,0,23
1670,2. Mama Noura,9.3,Shawarma Restaurant,$$,1,29
1671,3. بيراديز للمأكولات الهنديه | Peradiz,9.2,Indian,$,0,17
1672,4. Al Hatab Bakery,9.1,Bakery,$$,1,4
1673,5. La Casa Pasta,9.1,Italian,$$,1,18
1674,6. HATABA,9.0,BBQ,$,0,3
1675,7. Dunkin' Donuts,9.0,Donuts,$,0,9
1676,8. اسطا عاصم Usta asim,9.0,Shawarma Restaurant,$,0,29
1677,9. McDonald’s,9.0,Fast Food,$,0,12
1678,10. Al Hatab Bakery,9.0,Bakery,$,0,4
1679,11. Dunkin' Donuts,9.0,Donuts,$,0,9
1680,1. The California Burger,9.4,Burgers,$,0,7
1681,2. LPM,9.3,French,$$$,2,15
1682,3. Myazū,9.3,Japanese,$$$$,3,19
1683,4. Boga Superfoods,9.2,Sandwich Spot,$,0,27
1684,5. Signor Sassi,9.2,Italian,$$,1,18
1685,6. BLANCA,9.2,Pizza,$,0,23
1686,7. Flour & Firewood,9.2,Bakery,$,0,4
1687,8. مقصف Muqsaf 90,9.2,Breakfast,$,0,5
1688,9. Fawal Alafrah,9.1,Breakfast,$,0,5
1689,10. FISHFACE,9.1,Poke Restaurant,$$,1,24
1690,11. LA RUSTICA Pizzeria,9.1,Pizza,$$,1,23
1691,12. San Carlo Cicchetti,9.1,Italian,$,0,18
1692,13. Urth Caffé,9.1,Café,$$,1,8
1693,14. BACO,9.1,Asian,$,0,2
1694,15. TRIESTE,9.1,Café,$$$$,3,8
1695,16. PORTERHOUSE,9.0,Steakhouse,$,0,31
1696,17. ‏Ajam Coffee,9.0,Café,$,0,8
1697,18. Urth caffé,9.0,Food Court,$$$,2,13
1698,19. WAGYU,9.0,Burgers,$$,1,7
1699,20. Fuchsia,9.0,Armenian,$,0,1
1700,21. Burj Al Hamam Bistro,9.0,Lebanese,$,0,20
1701,22. Burger Boutique,9.0,Burgers,$,0,7
1702,23. Aleppo,9.0,Middle Eastern,$,0,22
1703,1. The California Burger,9.4,Burgers,$,0,7
1704,2. LPM,9.3,French,$$$,2,15
1705,3. Myazū,9.3,Japanese,$$$$,3,19
1706,4. Boga Superfoods,9.2,Sandwich Spot,$,0,27
1707,5. Signor Sassi,9.2,Italian,$$,1,18
1708,6. BLANCA,9.2,Pizza,$,0,23
1709,7. Flour & Firewood,9.2,Bakery,$,0,4
1710,8. مقصف Muqsaf 90,9.2,Breakfast,$,0,5
1711,9. Fawal Alafrah,9.1,Breakfast,$,0,5
1712,10. FISHFACE,9.1,Poke Restaurant,$$,1,24
1713,11. LA RUSTICA Pizzeria,9.1,Pizza,$$,1,23
1714,12. San Carlo Cicchetti,9.1,Italian,$,0,18
1715,13. Urth Caffé,9.1,Café,$$,1,8
1716,14. BACO,9.1,Asian,$,0,2
1717,15. TRIESTE,9.1,Café,$$$$,3,8
1718,16. PORTERHOUSE,9.0,Steakhouse,$,0,31
1719,17. ‏Ajam Coffee,9.0,Café,$,0,8
1720,18. Urth caffé,9.0,Food Court,$$$,2,13
1721,19. WAGYU,9.0,Burgers,$$,1,7
1722,20. Fuchsia,9.0,Armenian,$,0,1
1723,21. Burj Al Hamam Bistro,9.0,Lebanese,$,0,20
1724,22. Burger Boutique,9.0,Burgers,$,0,7
1725,23. Aleppo,9.0,Middle Eastern,$,0,22
1726,1. The California Burger,9.4,Burgers,$,0,7
1727,2. LPM,9.3,French,$$$,2,15
1728,3. Myazū,9.3,Japanese,$$$$,3,19
1729,4. Boga Superfoods,9.2,Sandwich Spot,$,0,27
1730,5. Signor Sassi,9.2,Italian,$$,1,18
1731,6. BLANCA,9.2,Pizza,$,0,23
1732,7. Flour & Firewood,9.2,Bakery,$,0,4
1733,8. مقصف Muqsaf 90,9.2,Breakfast,$,0,5
1734,9. Fawal Alafrah,9.1,Breakfast,$,0,5
1735,10. FISHFACE,9.1,Poke Restaurant,$$,1,24
1736,11. LA RUSTICA Pizzeria,9.1,Pizza,$$,1,23
1737,12. San Carlo Cicchetti,9.1,Italian,$,0,18
1738,13. Urth Caffé,9.1,Café,$$,1,8
1739,14. BACO,9.1,Asian,$,0,2
1740,15. TRIESTE,9.1,Café,$$$$,3,8
1741,16. PORTERHOUSE,9.0,Steakhouse,$,0,31
1742,17. ‏Ajam Coffee,9.0,Café,$,0,8
1743,18. Urth caffé,9.0,Food Court,$$$,2,13
1744,19. WAGYU,9.0,Burgers,$$,1,7
1745,20. Fuchsia,9.0,Armenian,$,0,1
1746,21. Burj Al Hamam Bistro,9.0,Lebanese,$,0,20
1747,22. Burger Boutique,9.0,Burgers,$,0,7
1748,23. Aleppo,9.0,Middle Eastern,$,0,22
1749,1. The California Burger,9.4,Burgers,$,0,7
1750,2. LPM,9.3,French,$$$,2,15
1751,3. Myazū,9.3,Japanese,$$$$,3,19
1752,4. Boga Superfoods,9.2,Sandwich Spot,$,0,27
1753,5. Signor Sassi,9.2,Italian,$$,1,18
1754,6. BLANCA,9.2,Pizza,$,0,23
1755,7. Flour & Firewood,9.2,Bakery,$,0,4
1756,8. مقصف Muqsaf 90,9.2,Breakfast,$,0,5
1757,9. Fawal Alafrah,9.1,Breakfast,$,0,5
1758,10. FISHFACE,9.1,Poke Restaurant,$$,1,24
1759,11. LA RUSTICA Pizzeria,9.1,Pizza,$$,1,23
1760,12. San Carlo Cicchetti,9.1,Italian,$,0,18
1761,13. Urth Caffé,9.1,Café,$$,1,8
1762,14. BACO,9.1,Asian,$,0,2
1763,15. TRIESTE,9.1,Café,$$$$,3,8
1764,16. PORTERHOUSE,9.0,Steakhouse,$,0,31
1765,17. ‏Ajam Coffee,9.0,Café,$,0,8
1766,18. Urth caffé,9.0,Food Court,$$$,2,13
1767,19. WAGYU,9.0,Burgers,$$,1,7
1768,20. Fuchsia,9.0,Armenian,$,0,1
1769,21. Burj Al Hamam Bistro,9.0,Lebanese,$,0,20
1770,22. Burger Boutique,9.0,Burgers,$,0,7
1771,23. Aleppo,9.0,Middle Eastern,$,0,22
1772,1. The California Burger,9.4,Burgers,$,0,7
1773,2. LPM,9.3,French,$$$,2,15
1774,3. Myazū,9.3,Japanese,$$$$,3,19
1775,4. Boga Superfoods,9.2,Sandwich Spot,$,0,27
1776,5. Signor Sassi,9.2,Italian,$$,1,18
1777,6. BLANCA,9.2,Pizza,$,0,23
1778,7. Flour & Firewood,9.2,Bakery,$,0,4
1779,8. مقصف Muqsaf 90,9.2,Breakfast,$,0,5
1780,9. Fawal Alafrah,9.1,Breakfast,$,0,5
1781,10. FISHFACE,9.1,Poke Restaurant,$$,1,24
1782,11. LA RUSTICA Pizzeria,9.1,Pizza,$$,1,23
1783,12. San Carlo Cicchetti,9.1,Italian,$,0,18
1784,13. Urth Caffé,9.1,Café,$$,1,8
1785,14. BACO,9.1,Asian,$,0,2
1786,15. TRIESTE,9.1,Café,$$$$,3,8
1787,16. PORTERHOUSE,9.0,Steakhouse,$,0,31
1788,17. ‏Ajam Coffee,9.0,Café,$,0,8
1789,18. Urth caffé,9.0,Food Court,$$$,2,13
1790,19. WAGYU,9.0,Burgers,$$,1,7
1791,20. Fuchsia,9.0,Armenian,$,0,1
1792,21. Burj Al Hamam Bistro,9.0,Lebanese,$,0,20
1793,22. Burger Boutique,9.0,Burgers,$,0,7
1794,23. Aleppo,9.0,Middle Eastern,$,0,22
1795,1. The California Burger,9.4,Burgers,$,0,7
1796,2. LPM,9.3,French,$$$,2,15
1797,3. Myazū,9.3,Japanese,$$$$,3,19
1798,4. Boga Superfoods,9.2,Sandwich Spot,$,0,27
1799,5. Signor Sassi,9.2,Italian,$$,1,18
1800,6. BLANCA,9.2,Pizza,$,0,23
1801,7. Flour & Firewood,9.2,Bakery,$,0,4
1802,8. مقصف Muqsaf 90,9.2,Breakfast,$,0,5
1803,9. Fawal Alafrah,9.1,Breakfast,$,0,5
1804,10. FISHFACE,9.1,Poke Restaurant,$$,1,24
1805,11. LA RUSTICA Pizzeria,9.1,Pizza,$$,1,23
1806,12. San Carlo Cicchetti,9.1,Italian,$,0,18
1807,13. Urth Caffé,9.1,Café,$$,1,8
1808,14. BACO,9.1,Asian,$,0,2
1809,15. TRIESTE,9.1,Café,$$$$,3,8
1810,16. PORTERHOUSE,9.0,Steakhouse,$,0,31
1811,17. ‏Ajam Coffee,9.0,Café,$,0,8
1812,18. Urth caffé,9.0,Food Court,$$$,2,13
1813,19. WAGYU,9.0,Burgers,$$,1,7
1814,20. Fuchsia,9.0,Armenian,$,0,1
1815,21. Burj Al Hamam Bistro,9.0,Lebanese,$,0,20
1816,22. Burger Boutique,9.0,Burgers,$,0,7
1817,23. Aleppo,9.0,Middle Eastern,$,0,22
1818,1. The California Burger,9.4,Burgers,$,0,7
1819,2. LPM,9.3,French,$$$,2,15
1820,3. Myazū,9.3,Japanese,$$$$,3,19
1821,4. Boga Superfoods,9.2,Sandwich Spot,$,0,27
1822,5. Signor Sassi,9.2,Italian,$$,1,18
1823,6. BLANCA,9.2,Pizza,$,0,23
1824,7. Flour & Firewood,9.2,Bakery,$,0,4
1825,8. مقصف Muqsaf 90,9.2,Breakfast,$,0,5
1826,9. Fawal Alafrah,9.1,Breakfast,$,0,5
1827,10. FISHFACE,9.1,Poke Restaurant,$$,1,24
1828,11. LA RUSTICA Pizzeria,9.1,Pizza,$$,1,23
1829,12. San Carlo Cicchetti,9.1,Italian,$,0,18
1830,13. Urth Caffé,9.1,Café,$$,1,8
1831,14. BACO,9.1,Asian,$,0,2
1832,15. TRIESTE,9.1,Café,$$$$,3,8
1833,16. PORTERHOUSE,9.0,Steakhouse,$,0,31
1834,17. ‏Ajam Coffee,9.0,Café,$,0,8
1835,18. Urth caffé,9.0,Food Court,$$$,2,13
1836,19. WAGYU,9.0,Burgers,$$,1,7
1837,20. Fuchsia,9.0,Armenian,$,0,1
1838,21. Burj Al Hamam Bistro,9.0,Lebanese,$,0,20
1839,22. Burger Boutique,9.0,Burgers,$,0,7
1840,23. Aleppo,9.0,Middle Eastern,$,0,22
1841,1. The California Burger,9.4,Burgers,$,0,7
1842,2. LPM,9.3,French,$$$,2,15
1843,3. Myazū,9.3,Japanese,$$$$,3,19
1844,4. Boga Superfoods,9.2,Sandwich Spot,$,0,27
1845,5. Signor Sassi,9.2,Italian,$$,1,18
1846,6. BLANCA,9.2,Pizza,$,0,23
1847,7. Flour & Firewood,9.2,Bakery,$,0,4
1848,8. مقصف Muqsaf 90,9.2,Breakfast,$,0,5
1849,9. Fawal Alafrah,9.1,Breakfast,$,0,5
1850,10. FISHFACE,9.1,Poke Restaurant,$$,1,24
1851,11. LA RUSTICA Pizzeria,9.1,Pizza,$$,1,23
1852,12. San Carlo Cicchetti,9.1,Italian,$,0,18
1853,13. Urth Caffé,9.1,Café,$$,1,8
1854,14. BACO,9.1,Asian,$,0,2
1855,15. TRIESTE,9.1,Café,$$$$,3,8
1856,16. PORTERHOUSE,9.0,Steakhouse,$,0,31
1857,17. ‏Ajam Coffee,9.0,Café,$,0,8
1858,18. Urth caffé,9.0,Food Court,$$$,2,13
1859,19. WAGYU,9.0,Burgers,$$,1,7
1860,20. Fuchsia,9.0,Armenian,$,0,1
1861,21. Burj Al Hamam Bistro,9.0,Lebanese,$,0,20
1862,22. Burger Boutique,9.0,Burgers,$,0,7
1863,23. Aleppo,9.0,Middle Eastern,$,0,22
1864,1. The California Burger,9.4,Burgers,$,0,7
1865,2. LPM,9.3,French,$$$,2,15
1866,3. Myazū,9.3,Japanese,$$$$,3,19
1867,4. Boga Superfoods,9.2,Sandwich Spot,$,0,27
1868,5. Signor Sassi,9.2,Italian,$$,1,18
1869,6. BLANCA,9.2,Pizza,$,0,23
1870,7. Flour & Firewood,9.2,Bakery,$,0,4
1871,8. مقصف Muqsaf 90,9.2,Breakfast,$,0,5
1872,9. Fawal Alafrah,9.1,Breakfast,$,0,5
1873,10. FISHFACE,9.1,Poke Restaurant,$$,1,24
1874,11. LA RUSTICA Pizzeria,9.1,Pizza,$$,1,23
1875,12. San Carlo Cicchetti,9.1,Italian,$,0,18
1876,13. Urth Caffé,9.1,Café,$$,1,8
1877,14. BACO,9.1,Asian,$,0,2
1878,15. TRIESTE,9.1,Café,$$$$,3,8
1879,16. PORTERHOUSE,9.0,Steakhouse,$,0,31
1880,17. ‏Ajam Coffee,9.0,Café,$,0,8
1881,18. Urth caffé,9.0,Food Court,$$$,2,13
1882,19. WAGYU,9.0,Burgers,$$,1,7
1883,20. Fuchsia,9.0,Armenian,$,0,1
1884,21. Burj Al Hamam Bistro,9.0,Lebanese,$,0,20
1885,22. Burger Boutique,9.0,Burgers,$,0,7
1886,23. Aleppo,9.0,Middle Eastern,$,0,22
1887,1. The California Burger,9.4,Burgers,$,0,7
1888,2. LPM,9.3,French,$$$,2,15
1889,3. Myazū,9.3,Japanese,$$$$,3,19
1890,4. Boga Superfoods,9.2,Sandwich Spot,$,0,27
1891,5. Signor Sassi,9.2,Italian,$$,1,18
1892,6. BLANCA,9.2,Pizza,$,0,23
1893,7. Flour & Firewood,9.2,Bakery,$,0,4
1894,8. مقصف Muqsaf 90,9.2,Breakfast,$,0,5
1895,9. Fawal Alafrah,9.1,Breakfast,$,0,5
1896,10. FISHFACE,9.1,Poke Restaurant,$$,1,24
1897,11. LA RUSTICA Pizzeria,9.1,Pizza,$$,1,23
1898,12. San Carlo Cicchetti,9.1,Italian,$,0,18
1899,13. Urth Caffé,9.1,Café,$$,1,8
1900,14. BACO,9.1,Asian,$,0,2
1901,15. TRIESTE,9.1,Café,$$$$,3,8
1902,16. PORTERHOUSE,9.0,Steakhouse,$,0,31
1903,17. ‏Ajam Coffee,9.0,Café,$,0,8
1904,18. Urth caffé,9.0,Food Court,$$$,2,13
1905,19. WAGYU,9.0,Burgers,$$,1,7
1906,20. Fuchsia,9.0,Armenian,$,0,1
1907,21. Burj Al Hamam Bistro,9.0,Lebanese,$,0,20
1908,22. Burger Boutique,9.0,Burgers,$,0,7
1909,23. Aleppo,9.0,Middle Eastern,$,0,22
1910,1. Dunkin,9.5,Donuts,$,0,9
1911,2. Graph,9.3,Café,$,0,8
1912,3. شاهي وجباتي عويس,9.2,Food Truck,$,0,14
1913,4. Never Enough,9.2,Bakery,$,0,4
1914,5. Breddy,9.1,Bakery,$,0,4
1915,6. McDonald's,9.1,Fast Food,$,0,12
1916,7. JDN Cafe,9.0,Café,$,0,8
1917,1. Dunkin,9.5,Donuts,$,0,9
1918,2. Graph,9.3,Café,$,0,8
1919,3. شاهي وجباتي عويس,9.2,Food Truck,$,0,14
1920,4. Never Enough,9.2,Bakery,$,0,4
1921,5. Breddy,9.1,Bakery,$,0,4
1922,6. McDonald's,9.1,Fast Food,$,0,12
1923,7. JDN Cafe,9.0,Café,$,0,8
1924,1. Dunkin,9.5,Donuts,$,0,9
1925,2. Graph,9.3,Café,$,0,8
1926,3. شاهي وجباتي عويس,9.2,Food Truck,$,0,14
1927,4. Never Enough,9.2,Bakery,$,0,4
1928,5. Breddy,9.1,Bakery,$,0,4
1929,6. McDonald's,9.1,Fast Food,$,0,12
1930,7. JDN Cafe,9.0,Café,$,0,8
1931,1. Dunkin,9.5,Donuts,$,0,9
1932,2. Graph,9.3,Café,$,0,8
1933,3. شاهي وجباتي عويس,9.2,Food Truck,$,0,14
1934,4. Never Enough,9.2,Bakery,$,0,4
1935,5. Breddy,9.1,Bakery,$,0,4
1936,6. McDonald's,9.1,Fast Food,$,0,12
1937,7. JDN Cafe,9.0,Café,$,0,8
1938,1. Dunkin,9.5,Donuts,$,0,9
1939,2. Graph,9.3,Café,$,0,8
1940,3. شاهي وجباتي عويس,9.2,Food Truck,$,0,14
1941,4. Never Enough,9.2,Bakery,$,0,4
1942,5. Breddy,9.1,Bakery,$,0,4
1943,6. McDonald's,9.1,Fast Food,$,0,12
1944,7. JDN Cafe,9.0,Café,$,0,8
1945,1. Dunkin,9.5,Donuts,$,0,9
1946,2. Graph,9.3,Café,$,0,8
1947,3. شاهي وجباتي عويس,9.2,Food Truck,$,0,14
1948,4. Never Enough,9.2,Bakery,$,0,4
1949,5. Breddy,9.1,Bakery,$,0,4
1950,6. McDonald's,9.1,Fast Food,$,0,12
1951,7. JDN Cafe,9.0,Café,$,0,8
1952,1. Dunkin,9.5,Donuts,$,0,9
1953,2. Graph,9.3,Café,$,0,8
1954,3. شاهي وجباتي عويس,9.2,Food Truck,$,0,14
1955,4. Never Enough,9.2,Bakery,$,0,4
1956,5. Breddy,9.1,Bakery,$,0,4
1957,6. McDonald's,9.1,Fast Food,$,0,12
1958,7. JDN Cafe,9.0,Café,$,0,8
1959,1. Dunkin,9.5,Donuts,$,0,9
1960,2. Graph,9.3,Café,$,0,8
1961,3. شاهي وجباتي عويس,9.2,Food Truck,$,0,14
1962,4. Never Enough,9.2,Bakery,$,0,4
1963,5. Breddy,9.1,Bakery,$,0,4
1964,6. McDonald's,9.1,Fast Food,$,0,12
1965,7. JDN Cafe,9.0,Café,$,0,8
1966,1. Dunkin,9.5,Donuts,$,0,9
1967,2. Graph,9.3,Café,$,0,8
1968,3. شاهي وجباتي عويس,9.2,Food Truck,$,0,14
1969,4. Never Enough,9.2,Bakery,$,0,4
1970,5. Breddy,9.1,Bakery,$,0,4
1971,6. McDonald's,9.1,Fast Food,$,0,12
1972,7. JDN Cafe,9.0,Café,$,0,8
1973,1. Dunkin,9.5,Donuts,$,0,9
1974,2. Graph,9.3,Café,$,0,8
1975,3. شاهي وجباتي عويس,9.2,Food Truck,$,0,14
1976,4. Never Enough,9.2,Bakery,$,0,4
1977,5. Breddy,9.1,Bakery,$,0,4
1978,6. McDonald's,9.1,Fast Food,$,0,12
1979,7. JDN Cafe,9.0,Café,$,0,8
1980,1. Myazū,9.3,Japanese,$$$$,3,19
1981,2. Marble Cuisine,9.2,Steakhouse,$$$$,3,31
1982,3. Copper,9.0,Steakhouse,$$$$,3,31
1983,4. PORTERHOUSE,9.0,Steakhouse,$$$$,3,31
1984,1. Myazū,9.3,Japanese,$$$$,3,19
1985,2. Marble Cuisine,9.2,Steakhouse,$$$$,3,31
1986,3. Copper,9.0,Steakhouse,$$$$,3,31
1987,4. PORTERHOUSE,9.0,Steakhouse,$$$$,3,31
1988,1. Myazū,9.3,Japanese,$$$$,3,19
1989,2. Marble Cuisine,9.2,Steakhouse,$$$$,3,31
1990,3. Copper,9.0,Steakhouse,$$$$,3,31
1991,4. PORTERHOUSE,9.0,Steakhouse,$$$$,3,31
1992,1. Myazū,9.3,Japanese,$$$$,3,19
1993,2. Marble Cuisine,9.2,Steakhouse,$$$$,3,31
1994,3. Copper,9.0,Steakhouse,$$$$,3,31
1995,4. PORTERHOUSE,9.0,Steakhouse,$$$$,3,31
1996,1. Myazū,9.3,Japanese,$$$$,3,19
1997,2. Marble Cuisine,9.2,Steakhouse,$$$$,3,31
1998,3. Copper,9.0,Steakhouse,$$$$,3,31
1999,4. PORTERHOUSE,9.0,Steakhouse,$$$$,3,31
2000,1. Myazū,9.3,Japanese,$$$$,3,19
2001,2. Marble Cuisine,9.2,Steakhouse,$$$$,3,31
2002,3. Copper,9.0,Steakhouse,$$$$,3,31
2003,4. PORTERHOUSE,9.0,Steakhouse,$$$$,3,31
2004,1. Myazū,9.3,Japanese,$$$$,3,19
2005,2. Marble Cuisine,9.2,Steakhouse,$$$$,3,31
2006,3. Copper,9.0,Steakhouse,$$$$,3,31
2007,4. PORTERHOUSE,9.0,Steakhouse,$$$$,3,31
2008,1. Myazū,9.3,Japanese,$$$$,3,19
2009,2. Marble Cuisine,9.2,Steakhouse,$$$$,3,31
2010,3. Copper,9.0,Steakhouse,$$$$,3,31
2011,4. PORTERHOUSE,9.0,Steakhouse,$$$$,3,31
2012,1. Myazū,9.3,Japanese,$$$$,3,19
2013,2. Marble Cuisine,9.2,Steakhouse,$$$$,3,31
2014,3. Copper,9.0,Steakhouse,$$$$,3,31
2015,4. PORTERHOUSE,9.0,Steakhouse,$$$$,3,31
2016,1. Myazū,9.3,Japanese,$$$$,3,19
2017,2. Marble Cuisine,9.2,Steakhouse,$$$$,3,31
2018,3. Copper,9.0,Steakhouse,$$$$,3,31
2019,4. PORTERHOUSE,9.0,Steakhouse,$$$$,3,31
2020,1. Knoll Coffee Roasters,9.6,Café,$,0,8
2021,2. Red Box,9.5,Restaurant,$,0,25
2022,3. Dunkin’ Donuts Drive Thru,9.4,Donuts,$,0,9
2023,4. The California Burger,9.4,Burgers,$,0,7
2024,5. ساين,9.4,Burgers,$,0,7
2025,6. Oregano Pizzeria,9.4,Pizza,$,0,23
2026,7. AlNaqaa,9.4,Breakfast,$,0,5
2027,8. محمصة اليوم الثامن,9.4,Café,$,0,8
2028,9. شاي وسمسم,9.4,Café,$$$$,3,8
2029,10. Myazū,9.3,Japanese,$,0,19
2030,11. WHJ CAFE,9.3,Café,$,0,8
2031,12. Al Afrah Restaurant,9.3,Breakfast,$,0,5
2032,13. DIA BAKERY,9.3,Bakery,$,0,4
2033,14. بوفية فهد كبدة غنم وحاشي,9.3,Breakfast,$,0,5
2034,15. فرن صحيفة وفطائر شامية,9.3,Bakery,$,0,4
2035,16. Stones,9.3,Café,$,0,8
2036,17. Sakaf Cafe,9.3,Café,$,0,8
2037,18. Boga Superfoods,9.2,Sandwich Spot,$,0,27
2038,19. بلوف,9.2,Restaurant,$,0,25
2039,20. Al Hatab Bakery,9.2,Bakery,$$,1,4
2040,21. Al Hatab Bakery,9.2,Bakery,$$,1,4
2041,22. Signor Sassi,9.2,Italian,$$,1,18
2042,23. مطاعم ومطابخ باخلعه- مندي ومكتوم,9.2,Middle Eastern,$,0,22
2043,24. Armin,9.2,Eastern European,$$,1,10
2044,25. AlKadesiya Bakery,9.2,Bakery,$,0,4
2045,26. Armin,9.2,Mediterranean,$,0,21
2046,27. BLANCA,9.2,Pizza,$,0,23
2047,28. محامص ومطاحن السوادي,9.2,Snacks,$,0,30
2048,1. Knoll Coffee Roasters,9.6,Café,$,0,8
2049,2. Red Box,9.5,Restaurant,$,0,25
2050,3. Dunkin’ Donuts Drive Thru,9.4,Donuts,$,0,9
2051,4. The California Burger,9.4,Burgers,$,0,7
2052,5. ساين,9.4,Burgers,$,0,7
2053,6. Oregano Pizzeria,9.4,Pizza,$,0,23
2054,7. AlNaqaa,9.4,Breakfast,$,0,5
2055,8. محمصة اليوم الثامن,9.4,Café,$,0,8
2056,9. شاي وسمسم,9.4,Café,$$$$,3,8
2057,10. Myazū,9.3,Japanese,$,0,19
2058,11. WHJ CAFE,9.3,Café,$,0,8
2059,12. Al Afrah Restaurant,9.3,Breakfast,$,0,5
2060,13. DIA BAKERY,9.3,Bakery,$,0,4
2061,14. بوفية فهد كبدة غنم وحاشي,9.3,Breakfast,$,0,5
2062,15. فرن صحيفة وفطائر شامية,9.3,Bakery,$,0,4
2063,16. Stones,9.3,Café,$,0,8
2064,17. Sakaf Cafe,9.3,Café,$,0,8
2065,18. Boga Superfoods,9.2,Sandwich Spot,$,0,27
2066,19. بلوف,9.2,Restaurant,$,0,25
2067,20. Al Hatab Bakery,9.2,Bakery,$$,1,4
2068,21. Al Hatab Bakery,9.2,Bakery,$$,1,4
2069,22. Signor Sassi,9.2,Italian,$$,1,18
2070,23. مطاعم ومطابخ باخلعه- مندي ومكتوم,9.2,Middle Eastern,$,0,22
2071,24. Armin,9.2,Eastern European,$$,1,10
2072,25. AlKadesiya Bakery,9.2,Bakery,$,0,4
2073,26. Armin,9.2,Mediterranean,$,0,21
2074,27. BLANCA,9.2,Pizza,$,0,23
2075,28. محامص ومطاحن السوادي,9.2,Snacks,$,0,30
2076,1. Knoll Coffee Roasters,9.6,Café,$,0,8
2077,2. Red Box,9.5,Restaurant,$,0,25
2078,3. Dunkin’ Donuts Drive Thru,9.4,Donuts,$,0,9
2079,4. The California Burger,9.4,Burgers,$,0,7
2080,5. ساين,9.4,Burgers,$,0,7
2081,6. Oregano Pizzeria,9.4,Pizza,$,0,23
2082,7. AlNaqaa,9.4,Breakfast,$,0,5
2083,8. محمصة اليوم الثامن,9.4,Café,$,0,8
2084,9. شاي وسمسم,9.4,Café,$$$$,3,8
2085,10. Myazū,9.3,Japanese,$,0,19
2086,11. WHJ CAFE,9.3,Café,$,0,8
2087,12. Al Afrah Restaurant,9.3,Breakfast,$,0,5
2088,13. DIA BAKERY,9.3,Bakery,$,0,4
2089,14. بوفية فهد كبدة غنم وحاشي,9.3,Breakfast,$,0,5
2090,15. فرن صحيفة وفطائر شامية,9.3,Bakery,$,0,4
2091,16. Stones,9.3,Café,$,0,8
2092,17. Sakaf Cafe,9.3,Café,$,0,8
2093,18. Boga Superfoods,9.2,Sandwich Spot,$,0,27
2094,19. بلوف,9.2,Restaurant,$,0,25
2095,20. Al Hatab Bakery,9.2,Bakery,$$,1,4
2096,21. Al Hatab Bakery,9.2,Bakery,$$,1,4
2097,22. Signor Sassi,9.2,Italian,$$,1,18
2098,23. مطاعم ومطابخ باخلعه- مندي ومكتوم,9.2,Middle Eastern,$,0,22
2099,24. Armin,9.2,Eastern European,$$,1,10
2100,25. AlKadesiya Bakery,9.2,Bakery,$,0,4
2101,26. Armin,9.2,Mediterranean,$,0,21
2102,27. BLANCA,9.2,Pizza,$,0,23
2103,28. محامص ومطاحن السوادي,9.2,Snacks,$,0,30
2104,1. Knoll Coffee Roasters,9.6,Café,$,0,8
2105,2. Red Box,9.5,Restaurant,$,0,25
2106,3. Dunkin’ Donuts Drive Thru,9.4,Donuts,$,0,9
2107,4. The California Burger,9.4,Burgers,$,0,7
2108,5. ساين,9.4,Burgers,$,0,7
2109,6. Oregano Pizzeria,9.4,Pizza,$,0,23
2110,7. AlNaqaa,9.4,Breakfast,$,0,5
2111,8. محمصة اليوم الثامن,9.4,Café,$,0,8
2112,9. شاي وسمسم,9.4,Café,$$$$,3,8
2113,10. Myazū,9.3,Japanese,$,0,19
2114,11. WHJ CAFE,9.3,Café,$,0,8
2115,12. Al Afrah Restaurant,9.3,Breakfast,$,0,5
2116,13. DIA BAKERY,9.3,Bakery,$,0,4
2117,14. بوفية فهد كبدة غنم وحاشي,9.3,Breakfast,$,0,5
2118,15. فرن صحيفة وفطائر شامية,9.3,Bakery,$,0,4
2119,16. Stones,9.3,Café,$,0,8
2120,17. Sakaf Cafe,9.3,Café,$,0,8
2121,18. Boga Superfoods,9.2,Sandwich Spot,$,0,27
2122,19. بلوف,9.2,Restaurant,$,0,25
2123,20. Al Hatab Bakery,9.2,Bakery,$$,1,4
2124,21. Al Hatab Bakery,9.2,Bakery,$$,1,4
2125,22. Signor Sassi,9.2,Italian,$$,1,18
2126,23. مطاعم ومطابخ باخلعه- مندي ومكتوم,9.2,Middle Eastern,$,0,22
2127,24. Armin,9.2,Eastern European,$$,1,10
2128,25. AlKadesiya Bakery,9.2,Bakery,$,0,4
2129,26. Armin,9.2,Mediterranean,$,0,21
2130,27. BLANCA,9.2,Pizza,$,0,23
2131,28. محامص ومطاحن السوادي,9.2,Snacks,$,0,30
2132,1. Knoll Coffee Roasters,9.6,Café,$,0,8
2133,2. Red Box,9.5,Restaurant,$,0,25
2134,3. Dunkin’ Donuts Drive Thru,9.4,Donuts,$,0,9
2135,4. The California Burger,9.4,Burgers,$,0,7
2136,5. ساين,9.4,Burgers,$,0,7
2137,6. Oregano Pizzeria,9.4,Pizza,$,0,23
2138,7. AlNaqaa,9.4,Breakfast,$,0,5
2139,8. محمصة اليوم الثامن,9.4,Café,$,0,8
2140,9. شاي وسمسم,9.4,Café,$$$$,3,8
2141,10. Myazū,9.3,Japanese,$,0,19
2142,11. WHJ CAFE,9.3,Café,$,0,8
2143,12. Al Afrah Restaurant,9.3,Breakfast,$,0,5
2144,13. DIA BAKERY,9.3,Bakery,$,0,4
2145,14. بوفية فهد كبدة غنم وحاشي,9.3,Breakfast,$,0,5
2146,15. فرن صحيفة وفطائر شامية,9.3,Bakery,$,0,4
2147,16. Stones,9.3,Café,$,0,8
2148,17. Sakaf Cafe,9.3,Café,$,0,8
2149,18. Boga Superfoods,9.2,Sandwich Spot,$,0,27
2150,19. بلوف,9.2,Restaurant,$,0,25
2151,20. Al Hatab Bakery,9.2,Bakery,$$,1,4
2152,21. Al Hatab Bakery,9.2,Bakery,$$,1,4
2153,22. Signor Sassi,9.2,Italian,$$,1,18
2154,23. مطاعم ومطابخ باخلعه- مندي ومكتوم,9.2,Middle Eastern,$,0,22
2155,24. Armin,9.2,Eastern European,$$,1,10
2156,25. AlKadesiya Bakery,9.2,Bakery,$,0,4
2157,26. Armin,9.2,Mediterranean,$,0,21
2158,27. BLANCA,9.2,Pizza,$,0,23
2159,28. محامص ومطاحن السوادي,9.2,Snacks,$,0,30
2160,1. Knoll Coffee Roasters,9.6,Café,$,0,8
2161,2. Red Box,9.5,Restaurant,$,0,25
2162,3. Dunkin’ Donuts Drive Thru,9.4,Donuts,$,0,9
2163,4. The California Burger,9.4,Burgers,$,0,7
2164,5. ساين,9.4,Burgers,$,0,7
2165,6. Oregano Pizzeria,9.4,Pizza,$,0,23
2166,7. AlNaqaa,9.4,Breakfast,$,0,5
2167,8. محمصة اليوم الثامن,9.4,Café,$,0,8
2168,9. شاي وسمسم,9.4,Café,$$$$,3,8
2169,10. Myazū,9.3,Japanese,$,0,19
2170,11. WHJ CAFE,9.3,Café,$,0,8
2171,12. Al Afrah Restaurant,9.3,Breakfast,$,0,5
2172,13. DIA BAKERY,9.3,Bakery,$,0,4
2173,14. بوفية فهد كبدة غنم وحاشي,9.3,Breakfast,$,0,5
2174,15. فرن صحيفة وفطائر شامية,9.3,Bakery,$,0,4
2175,16. Stones,9.3,Café,$,0,8
2176,17. Sakaf Cafe,9.3,Café,$,0,8
2177,18. Boga Superfoods,9.2,Sandwich Spot,$,0,27
2178,19. بلوف,9.2,Restaurant,$,0,25
2179,20. Al Hatab Bakery,9.2,Bakery,$$,1,4
2180,21. Al Hatab Bakery,9.2,Bakery,$$,1,4
2181,22. Signor Sassi,9.2,Italian,$$,1,18
2182,23. مطاعم ومطابخ باخلعه- مندي ومكتوم,9.2,Middle Eastern,$,0,22
2183,24. Armin,9.2,Eastern European,$$,1,10
2184,25. AlKadesiya Bakery,9.2,Bakery,$,0,4
2185,26. Armin,9.2,Mediterranean,$,0,21
2186,27. BLANCA,9.2,Pizza,$,0,23
2187,28. محامص ومطاحن السوادي,9.2,Snacks,$,0,30
2188,1. Knoll Coffee Roasters,9.6,Café,$,0,8
2189,2. Red Box,9.5,Restaurant,$,0,25
2190,3. Dunkin’ Donuts Drive Thru,9.4,Donuts,$,0,9
2191,4. The California Burger,9.4,Burgers,$,0,7
2192,5. ساين,9.4,Burgers,$,0,7
2193,6. Oregano Pizzeria,9.4,Pizza,$,0,23
2194,7. AlNaqaa,9.4,Breakfast,$,0,5
2195,8. محمصة اليوم الثامن,9.4,Café,$,0,8
2196,9. شاي وسمسم,9.4,Café,$$$$,3,8
2197,10. Myazū,9.3,Japanese,$,0,19
2198,11. WHJ CAFE,9.3,Café,$,0,8
2199,12. Al Afrah Restaurant,9.3,Breakfast,$,0,5
2200,13. DIA BAKERY,9.3,Bakery,$,0,4
2201,14. بوفية فهد كبدة غنم وحاشي,9.3,Breakfast,$,0,5
2202,15. فرن صحيفة وفطائر شامية,9.3,Bakery,$,0,4
2203,16. Stones,9.3,Café,$,0,8
2204,17. Sakaf Cafe,9.3,Café,$,0,8
2205,18. Boga Superfoods,9.2,Sandwich Spot,$,0,27
2206,19. بلوف,9.2,Restaurant,$,0,25
2207,20. Al Hatab Bakery,9.2,Bakery,$$,1,4
2208,21. Al Hatab Bakery,9.2,Bakery,$$,1,4
2209,22. Signor Sassi,9.2,Italian,$$,1,18
2210,23. مطاعم ومطابخ باخلعه- مندي ومكتوم,9.2,Middle Eastern,$,0,22
2211,24. Armin,9.2,Eastern European,$$,1,10
2212,25. AlKadesiya Bakery,9.2,Bakery,$,0,4
2213,26. Armin,9.2,Mediterranean,$,0,21
2214,27. BLANCA,9.2,Pizza,$,0,23
2215,28. محامص ومطاحن السوادي,9.2,Snacks,$,0,30
2216,1. Knoll Coffee Roasters,9.6,Café,$,0,8
2217,2. Red Box,9.5,Restaurant,$,0,25
2218,3. Dunkin’ Donuts Drive Thru,9.4,Donuts,$,0,9
2219,4. The California Burger,9.4,Burgers,$,0,7
2220,5. ساين,9.4,Burgers,$,0,7
2221,6. Oregano Pizzeria,9.4,Pizza,$,0,23
2222,7. AlNaqaa,9.4,Breakfast,$,0,5
2223,8. محمصة اليوم الثامن,9.4,Café,$,0,8
2224,9. شاي وسمسم,9.4,Café,$$$$,3,8
2225,10. Myazū,9.3,Japanese,$,0,19
2226,11. WHJ CAFE,9.3,Café,$,0,8
2227,12. Al Afrah Restaurant,9.3,Breakfast,$,0,5
2228,13. DIA BAKERY,9.3,Bakery,$,0,4
2229,14. بوفية فهد كبدة غنم وحاشي,9.3,Breakfast,$,0,5
2230,15. فرن صحيفة وفطائر شامية,9.3,Bakery,$,0,4
2231,16. Stones,9.3,Café,$,0,8
2232,17. Sakaf Cafe,9.3,Café,$,0,8
2233,18. Boga Superfoods,9.2,Sandwich Spot,$,0,27
2234,19. بلوف,9.2,Restaurant,$,0,25
2235,20. Al Hatab Bakery,9.2,Bakery,$$,1,4
2236,21. Al Hatab Bakery,9.2,Bakery,$$,1,4
2237,22. Signor Sassi,9.2,Italian,$$,1,18
2238,23. مطاعم ومطابخ باخلعه- مندي ومكتوم,9.2,Middle Eastern,$,0,22
2239,24. Armin,9.2,Eastern European,$$,1,10
2240,25. AlKadesiya Bakery,9.2,Bakery,$,0,4
2241,26. Armin,9.2,Mediterranean,$,0,21
2242,27. BLANCA,9.2,Pizza,$,0,23
2243,28. محامص ومطاحن السوادي,9.2,Snacks,$,0,30
2244,1. Knoll Coffee Roasters,9.6,Café,$,0,8
2245,2. Red Box,9.5,Restaurant,$,0,25
2246,3. Dunkin’ Donuts Drive Thru,9.4,Donuts,$,0,9
2247,4. The California Burger,9.4,Burgers,$,0,7
2248,5. ساين,9.4,Burgers,$,0,7
2249,6. Oregano Pizzeria,9.4,Pizza,$,0,23
2250,7. AlNaqaa,9.4,Breakfast,$,0,5
2251,8. محمصة اليوم الثامن,9.4,Café,$,0,8
2252,9. شاي وسمسم,9.4,Café,$$$$,3,8
2253,10. Myazū,9.3,Japanese,$,0,19
2254,11. WHJ CAFE,9.3,Café,$,0,8
2255,12. Al Afrah Restaurant,9.3,Breakfast,$,0,5
2256,13. DIA BAKERY,9.3,Bakery,$,0,4
2257,14. بوفية فهد كبدة غنم وحاشي,9.3,Breakfast,$,0,5
2258,15. فرن صحيفة وفطائر شامية,9.3,Bakery,$,0,4
2259,16. Stones,9.3,Café,$,0,8
2260,17. Sakaf Cafe,9.3,Café,$,0,8
2261,18. Boga Superfoods,9.2,Sandwich Spot,$,0,27
2262,19. بلوف,9.2,Restaurant,$,0,25
2263,20. Al Hatab Bakery,9.2,Bakery,$$,1,4
2264,21. Al Hatab Bakery,9.2,Bakery,$$,1,4
2265,22. Signor Sassi,9.2,Italian,$$,1,18
2266,23. مطاعم ومطابخ باخلعه- مندي ومكتوم,9.2,Middle Eastern,$,0,22
2267,24. Armin,9.2,Eastern European,$$,1,10
2268,25. AlKadesiya Bakery,9.2,Bakery,$,0,4
2269,26. Armin,9.2,Mediterranean,$,0,21
2270,27. BLANCA,9.2,Pizza,$,0,23
2271,28. محامص ومطاحن السوادي,9.2,Snacks,$,0,30
2272,1. Knoll Coffee Roasters,9.6,Café,$,0,8
2273,2. Red Box,9.5,Restaurant,$,0,25
2274,3. Dunkin’ Donuts Drive Thru,9.4,Donuts,$,0,9
2275,4. The California Burger,9.4,Burgers,$,0,7
2276,5. ساين,9.4,Burgers,$,0,7
2277,6. Oregano Pizzeria,9.4,Pizza,$,0,23
2278,7. AlNaqaa,9.4,Breakfast,$,0,5
2279,8. محمصة اليوم الثامن,9.4,Café,$,0,8
2280,9. شاي وسمسم,9.4,Café,$$$$,3,8
2281,10. Myazū,9.3,Japanese,$,0,19
2282,11. WHJ CAFE,9.3,Café,$,0,8
2283,12. Al Afrah Restaurant,9.3,Breakfast,$,0,5
2284,13. DIA BAKERY,9.3,Bakery,$,0,4
2285,14. بوفية فهد كبدة غنم وحاشي,9.3,Breakfast,$,0,5
2286,15. فرن صحيفة وفطائر شامية,9.3,Bakery,$,0,4
2287,16. Stones,9.3,Café,$,0,8
2288,17. Sakaf Cafe,9.3,Café,$,0,8
2289,18. Boga Superfoods,9.2,Sandwich Spot,$,0,27
2290,19. بلوف,9.2,Restaurant,$,0,25
2291,20. Al Hatab Bakery,9.2,Bakery,$$,1,4
2292,21. Al Hatab Bakery,9.2,Bakery,$$,1,4
2293,22. Signor Sassi,9.2,Italian,$$,1,18
2294,23. مطاعم ومطابخ باخلعه- مندي ومكتوم,9.2,Middle Eastern,$,0,22
2295,24. Armin,9.2,Eastern European,$$,1,10
2296,25. AlKadesiya Bakery,9.2,Bakery,$,0,4
2297,26. Armin,9.2,Mediterranean,$,0,21
2298,27. BLANCA,9.2,Pizza,$,0,23
2299,28. محامص ومطاحن السوادي,9.2,Snacks,$,0,30
