,Name,Score,Category,Price_Range
0,1. شاهي ابو وليد,9.5,Café,$
1,2. Aseeb Najdi Restaurant,9.5,Restaurant,$
2,3. دوّار السّعادة,9.4,Breakfast,$
3,4. McDonald's,9.4,Fast Food,$$
4,5. SHiRO,9.3,Japanese,$$$
5,6. Lavash,9.3,Armenian,$
6,7. Café Lilou,9.3,French,$
7,8. Burger Hunch,9.3,Burgers,$$$
8,9. KAIF,9.3,Café,$
9,10. Entrecôte Café de Paris,9.3,Swiss,$
10,11. Red Box,9.2,Restaurant,$
11,12. White Cafe,9.2,Café,$
12,13. Al Hatab Bakery,9.2,Bakery,$
13,14. TF BAKERY,9.2,Bakery,$
14,15. PICKUP,9.2,Burgers,$
15,16. Baōdo,9.2,Burgers,$
16,17. الشاي العراقي,9.2,Food Truck,$
17,18. SORS,9.1,Bakery,$
18,19. MUNAT Café,9.1,Café,$
19,20. TOFAREYA,9.1,Restaurant,$
20,21. The California Burger,9.1,Burgers,$
21,22. ALHatab Bakery | أفران الحطب,9.1,Bakery,$
22,23. SCRMY,9.1,Café,$$
23,24. Boga,9.1,Salad,$$$$
24,25. The Coffee Address,9.1,Café,$
25,26. Key,9.1,Café,$
26,1. شاهي ابو وليد,9.5,Café,$
27,2. Aseeb Najdi Restaurant,9.5,Restaurant,$
28,3. دوّار السّعادة,9.4,Breakfast,$
29,4. McDonald's,9.4,Fast Food,$$
30,5. SHiRO,9.3,Japanese,$$$
31,6. Lavash,9.3,Armenian,$
32,7. Café Lilou,9.3,French,$
33,8. Burger Hunch,9.3,Burgers,$$$
34,9. KAIF,9.3,Café,$
35,10. Entrecôte Café de Paris,9.3,Swiss,$
36,11. Red Box,9.2,Restaurant,$
37,12. White Cafe,9.2,Café,$
38,13. Al Hatab Bakery,9.2,Bakery,$
39,14. TF BAKERY,9.2,Bakery,$
40,15. PICKUP,9.2,Burgers,$
41,16. Baōdo,9.2,Burgers,$
42,17. الشاي العراقي,9.2,Food Truck,$
43,18. SORS,9.1,Bakery,$
44,19. MUNAT Café,9.1,Café,$
45,20. TOFAREYA,9.1,Restaurant,$
46,21. The California Burger,9.1,Burgers,$
47,22. ALHatab Bakery | أفران الحطب,9.1,Bakery,$
48,23. SCRMY,9.1,Café,$$
49,24. Boga,9.1,Salad,$$$$
50,25. The Coffee Address,9.1,Café,$
51,26. Key,9.1,Café,$
52,1. شاهي ابو وليد,9.5,Café,$
53,2. Aseeb Najdi Restaurant,9.5,Restaurant,$
54,3. دوّار السّعادة,9.4,Breakfast,$
55,4. McDonald's,9.4,Fast Food,$$
56,5. SHiRO,9.3,Japanese,$$$
57,6. Lavash,9.3,Armenian,$
58,7. Café Lilou,9.3,French,$
59,8. Burger Hunch,9.3,Burgers,$$$
60,9. KAIF,9.3,Café,$
61,10. Entrecôte Café de Paris,9.3,Swiss,$
62,11. Red Box,9.2,Restaurant,$
63,12. White Cafe,9.2,Café,$
64,13. Al Hatab Bakery,9.2,Bakery,$
65,14. TF BAKERY,9.2,Bakery,$
66,15. PICKUP,9.2,Burgers,$
67,16. Baōdo,9.2,Burgers,$
68,17. الشاي العراقي,9.2,Food Truck,$
69,18. SORS,9.1,Bakery,$
70,19. MUNAT Café,9.1,Café,$
71,20. TOFAREYA,9.1,Restaurant,$
72,21. The California Burger,9.1,Burgers,$
73,22. ALHatab Bakery | أفران الحطب,9.1,Bakery,$
74,23. SCRMY,9.1,Café,$$
75,24. Boga,9.1,Salad,$$$$
76,25. The Coffee Address,9.1,Café,$
77,26. Key,9.1,Café,$
78,1. شاهي ابو وليد,9.5,Café,$
79,2. Aseeb Najdi Restaurant,9.5,Restaurant,$
80,3. دوّار السّعادة,9.4,Breakfast,$
81,4. McDonald's,9.4,Fast Food,$$
82,5. SHiRO,9.3,Japanese,$$$
83,6. Lavash,9.3,Armenian,$
84,7. Café Lilou,9.3,French,$
85,8. Burger Hunch,9.3,Burgers,$$$
86,9. KAIF,9.3,Café,$
87,10. Entrecôte Café de Paris,9.3,Swiss,$
88,11. Red Box,9.2,Restaurant,$
89,12. White Cafe,9.2,Café,$
90,13. Al Hatab Bakery,9.2,Bakery,$
91,14. TF BAKERY,9.2,Bakery,$
92,15. PICKUP,9.2,Burgers,$
93,16. Baōdo,9.2,Burgers,$
94,17. الشاي العراقي,9.2,Food Truck,$
95,18. SORS,9.1,Bakery,$
96,19. MUNAT Café,9.1,Café,$
97,20. TOFAREYA,9.1,Restaurant,$
98,21. The California Burger,9.1,Burgers,$
99,22. ALHatab Bakery | أفران الحطب,9.1,Bakery,$
100,23. SCRMY,9.1,Café,$$
101,24. Boga,9.1,Salad,$$$$
102,25. The Coffee Address,9.1,Café,$
103,26. Key,9.1,Café,$
104,1. شاهي ابو وليد,9.5,Café,$
105,2. Aseeb Najdi Restaurant,9.5,Restaurant,$
106,3. دوّار السّعادة,9.4,Breakfast,$
107,4. McDonald's,9.4,Fast Food,$$
108,5. SHiRO,9.3,Japanese,$$$
109,6. Lavash,9.3,Armenian,$
110,7. Café Lilou,9.3,French,$
111,8. Burger Hunch,9.3,Burgers,$$$
112,9. KAIF,9.3,Café,$
113,10. Entrecôte Café de Paris,9.3,Swiss,$
114,11. Red Box,9.2,Restaurant,$
115,12. White Cafe,9.2,Café,$
116,13. Al Hatab Bakery,9.2,Bakery,$
117,14. TF BAKERY,9.2,Bakery,$
118,15. PICKUP,9.2,Burgers,$
119,16. Baōdo,9.2,Burgers,$
120,17. الشاي العراقي,9.2,Food Truck,$
121,18. SORS,9.1,Bakery,$
122,19. MUNAT Café,9.1,Café,$
123,20. TOFAREYA,9.1,Restaurant,$
124,21. The California Burger,9.1,Burgers,$
125,22. ALHatab Bakery | أفران الحطب,9.1,Bakery,$
126,23. SCRMY,9.1,Café,$$
127,24. Boga,9.1,Salad,$$$$
128,25. The Coffee Address,9.1,Café,$
129,26. Key,9.1,Café,$
130,1. شاهي ابو وليد,9.5,Café,$
131,2. Aseeb Najdi Restaurant,9.5,Restaurant,$
132,3. دوّار السّعادة,9.4,Breakfast,$
133,4. McDonald's,9.4,Fast Food,$$
134,5. SHiRO,9.3,Japanese,$$$
135,6. Lavash,9.3,Armenian,$
136,7. Café Lilou,9.3,French,$
137,8. Burger Hunch,9.3,Burgers,$$$
138,9. KAIF,9.3,Café,$
139,10. Entrecôte Café de Paris,9.3,Swiss,$
140,11. Red Box,9.2,Restaurant,$
141,12. White Cafe,9.2,Café,$
142,13. Al Hatab Bakery,9.2,Bakery,$
143,14. TF BAKERY,9.2,Bakery,$
144,15. PICKUP,9.2,Burgers,$
145,16. Baōdo,9.2,Burgers,$
146,17. الشاي العراقي,9.2,Food Truck,$
147,18. SORS,9.1,Bakery,$
148,19. MUNAT Café,9.1,Café,$
149,20. TOFAREYA,9.1,Restaurant,$
150,21. The California Burger,9.1,Burgers,$
151,22. ALHatab Bakery | أفران الحطب,9.1,Bakery,$
152,23. SCRMY,9.1,Café,$$
153,24. Boga,9.1,Salad,$$$$
154,25. The Coffee Address,9.1,Café,$
155,26. Key,9.1,Café,$
156,1. شاهي ابو وليد,9.5,Café,$
157,2. Aseeb Najdi Restaurant,9.5,Restaurant,$
158,3. دوّار السّعادة,9.4,Breakfast,$
159,4. McDonald's,9.4,Fast Food,$$
160,5. SHiRO,9.3,Japanese,$$$
161,6. Lavash,9.3,Armenian,$
162,7. Café Lilou,9.3,French,$
163,8. Burger Hunch,9.3,Burgers,$$$
164,9. KAIF,9.3,Café,$
165,10. Entrecôte Café de Paris,9.3,Swiss,$
166,11. Red Box,9.2,Restaurant,$
167,12. White Cafe,9.2,Café,$
168,13. Al Hatab Bakery,9.2,Bakery,$
169,14. TF BAKERY,9.2,Bakery,$
170,15. PICKUP,9.2,Burgers,$
171,16. Baōdo,9.2,Burgers,$
172,17. الشاي العراقي,9.2,Food Truck,$
173,18. SORS,9.1,Bakery,$
174,19. MUNAT Café,9.1,Café,$
175,20. TOFAREYA,9.1,Restaurant,$
176,21. The California Burger,9.1,Burgers,$
177,22. ALHatab Bakery | أفران الحطب,9.1,Bakery,$
178,23. SCRMY,9.1,Café,$$
179,24. Boga,9.1,Salad,$$$$
180,25. The Coffee Address,9.1,Café,$
181,26. Key,9.1,Café,$
182,1. شاهي ابو وليد,9.5,Café,$
183,2. Aseeb Najdi Restaurant,9.5,Restaurant,$
184,3. دوّار السّعادة,9.4,Breakfast,$
185,4. McDonald's,9.4,Fast Food,$$
186,5. SHiRO,9.3,Japanese,$$$
187,6. Lavash,9.3,Armenian,$
188,7. Café Lilou,9.3,French,$
189,8. Burger Hunch,9.3,Burgers,$$$
190,9. KAIF,9.3,Café,$
191,10. Entrecôte Café de Paris,9.3,Swiss,$
192,11. Red Box,9.2,Restaurant,$
193,12. White Cafe,9.2,Café,$
194,13. Al Hatab Bakery,9.2,Bakery,$
195,14. TF BAKERY,9.2,Bakery,$
196,15. PICKUP,9.2,Burgers,$
197,16. Baōdo,9.2,Burgers,$
198,17. الشاي العراقي,9.2,Food Truck,$
199,18. SORS,9.1,Bakery,$
200,19. MUNAT Café,9.1,Café,$
201,20. TOFAREYA,9.1,Restaurant,$
202,21. The California Burger,9.1,Burgers,$
203,22. ALHatab Bakery | أفران الحطب,9.1,Bakery,$
204,23. SCRMY,9.1,Café,$$
205,24. Boga,9.1,Salad,$$$$
206,25. The Coffee Address,9.1,Café,$
207,26. Key,9.1,Café,$
208,1. شاهي ابو وليد,9.5,Café,$
209,2. Aseeb Najdi Restaurant,9.5,Restaurant,$
210,3. دوّار السّعادة,9.4,Breakfast,$
211,4. McDonald's,9.4,Fast Food,$$
212,5. SHiRO,9.3,Japanese,$$$
213,6. Lavash,9.3,Armenian,$
214,7. Café Lilou,9.3,French,$
215,8. Burger Hunch,9.3,Burgers,$$$
216,9. KAIF,9.3,Café,$
217,10. Entrecôte Café de Paris,9.3,Swiss,$
218,11. Red Box,9.2,Restaurant,$
219,12. White Cafe,9.2,Café,$
220,13. Al Hatab Bakery,9.2,Bakery,$
221,14. TF BAKERY,9.2,Bakery,$
222,15. PICKUP,9.2,Burgers,$
223,16. Baōdo,9.2,Burgers,$
224,17. الشاي العراقي,9.2,Food Truck,$
225,18. SORS,9.1,Bakery,$
226,19. MUNAT Café,9.1,Café,$
227,20. TOFAREYA,9.1,Restaurant,$
228,21. The California Burger,9.1,Burgers,$
229,22. ALHatab Bakery | أفران الحطب,9.1,Bakery,$
230,23. SCRMY,9.1,Café,$$
231,24. Boga,9.1,Salad,$$$$
232,25. The Coffee Address,9.1,Café,$
233,26. Key,9.1,Café,$
234,1. شاهي ابو وليد,9.5,Café,$
235,2. Aseeb Najdi Restaurant,9.5,Restaurant,$
236,3. دوّار السّعادة,9.4,Breakfast,$
237,4. McDonald's,9.4,Fast Food,$$
238,5. SHiRO,9.3,Japanese,$$$
239,6. Lavash,9.3,Armenian,$
240,7. Café Lilou,9.3,French,$
241,8. Burger Hunch,9.3,Burgers,$$$
242,9. KAIF,9.3,Café,$
243,10. Entrecôte Café de Paris,9.3,Swiss,$
244,11. Red Box,9.2,Restaurant,$
245,12. White Cafe,9.2,Café,$
246,13. Al Hatab Bakery,9.2,Bakery,$
247,14. TF BAKERY,9.2,Bakery,$
248,15. PICKUP,9.2,Burgers,$
249,16. Baōdo,9.2,Burgers,$
250,17. الشاي العراقي,9.2,Food Truck,$
251,18. SORS,9.1,Bakery,$
252,19. MUNAT Café,9.1,Café,$
253,20. TOFAREYA,9.1,Restaurant,$
254,21. The California Burger,9.1,Burgers,$
255,22. ALHatab Bakery | أفران الحطب,9.1,Bakery,$
256,23. SCRMY,9.1,Café,$$
257,24. Boga,9.1,Salad,$$$$
258,25. The Coffee Address,9.1,Café,$
259,26. Key,9.1,Café,$
260,1. Easy Bakery,9.5,Bakery,$
261,2. BAC Bakehouse & Coffee,9.4,Bakery,$
262,3. Biox,9.4,Bakery,$
263,4. OREGANO PIZZERIA,9.3,Pizza,$
264,5. Ghemar Cafe,9.3,Bakery,$
265,6. Dank Sandwich | دانك ساندوتش,9.3,Sandwich Spot,$
266,7. FISHFACE,9.3,Poke Restaurant,$
267,8. Hels,9.3,Restaurant,$
268,9. Urth Caffé,9.2,Café,$
269,10. Shwkat,9.2,Sandwich Spot,$$
270,11. BLANCA,9.2,Pizza,$
271,12. بيراديز للمأكولات الهنديه | Peradiz,9.2,Indian,$
272,13. Never Enough,9.2,Bakery,$
273,14. ALBAIK,9.2,Fried Chicken,$
274,15. Offwhite Inn,9.2,Restaurant,$$
275,16. PrimeCut,9.1,Burgers,$
276,17. CLAY,9.1,Café,$
277,18. HATABA,9.0,BBQ,$
278,19. Dunkin' Donuts,9.0,Donuts,$
279,20. بَاكر,9.0,Sandwich Spot,$$
280,21. Legit Cafe ليجت كافيه,9.0,Café,$
281,22. Eggsactly,9.0,Breakfast,$
282,23. Dhifa Resturant,9.0,Middle Eastern,$
283,24. اسطا عاصم Usta asim,9.0,Shawarma Restaurant,$
284,25. Al Hatab Bakery,9.0,Bakery,$
285,1. Easy Bakery,9.5,Bakery,$
286,2. BAC Bakehouse & Coffee,9.4,Bakery,$
287,3. Biox,9.4,Bakery,$
288,4. OREGANO PIZZERIA,9.3,Pizza,$
289,5. Ghemar Cafe,9.3,Bakery,$
290,6. Dank Sandwich | دانك ساندوتش,9.3,Sandwich Spot,$
291,7. FISHFACE,9.3,Poke Restaurant,$
292,8. Hels,9.3,Restaurant,$
293,9. Urth Caffé,9.2,Café,$
294,10. Shwkat,9.2,Sandwich Spot,$$
295,11. BLANCA,9.2,Pizza,$
296,12. بيراديز للمأكولات الهنديه | Peradiz,9.2,Indian,$
297,13. Never Enough,9.2,Bakery,$
298,14. ALBAIK,9.2,Fried Chicken,$
299,15. Offwhite Inn,9.2,Restaurant,$$
300,16. PrimeCut,9.1,Burgers,$
301,17. CLAY,9.1,Café,$
302,18. HATABA,9.0,BBQ,$
303,19. Dunkin' Donuts,9.0,Donuts,$
304,20. بَاكر,9.0,Sandwich Spot,$$
305,21. Legit Cafe ليجت كافيه,9.0,Café,$
306,22. Eggsactly,9.0,Breakfast,$
307,23. Dhifa Resturant,9.0,Middle Eastern,$
308,24. اسطا عاصم Usta asim,9.0,Shawarma Restaurant,$
309,25. Al Hatab Bakery,9.0,Bakery,$
310,1. Easy Bakery,9.5,Bakery,$
311,2. BAC Bakehouse & Coffee,9.4,Bakery,$
312,3. Biox,9.4,Bakery,$
313,4. OREGANO PIZZERIA,9.3,Pizza,$
314,5. Ghemar Cafe,9.3,Bakery,$
315,6. Dank Sandwich | دانك ساندوتش,9.3,Sandwich Spot,$
316,7. FISHFACE,9.3,Poke Restaurant,$
317,8. Hels,9.3,Restaurant,$
318,9. Urth Caffé,9.2,Café,$
319,10. Shwkat,9.2,Sandwich Spot,$$
320,11. BLANCA,9.2,Pizza,$
321,12. بيراديز للمأكولات الهنديه | Peradiz,9.2,Indian,$
322,13. Never Enough,9.2,Bakery,$
323,14. ALBAIK,9.2,Fried Chicken,$
324,15. Offwhite Inn,9.2,Restaurant,$$
325,16. PrimeCut,9.1,Burgers,$
326,17. CLAY,9.1,Café,$
327,18. HATABA,9.0,BBQ,$
328,19. Dunkin' Donuts,9.0,Donuts,$
329,20. بَاكر,9.0,Sandwich Spot,$$
330,21. Legit Cafe ليجت كافيه,9.0,Café,$
331,22. Eggsactly,9.0,Breakfast,$
332,23. Dhifa Resturant,9.0,Middle Eastern,$
333,24. اسطا عاصم Usta asim,9.0,Shawarma Restaurant,$
334,25. Al Hatab Bakery,9.0,Bakery,$
335,1. Easy Bakery,9.5,Bakery,$
336,2. BAC Bakehouse & Coffee,9.4,Bakery,$
337,3. Biox,9.4,Bakery,$
338,4. OREGANO PIZZERIA,9.3,Pizza,$
339,5. Ghemar Cafe,9.3,Bakery,$
340,6. Dank Sandwich | دانك ساندوتش,9.3,Sandwich Spot,$
341,7. FISHFACE,9.3,Poke Restaurant,$
342,8. Hels,9.3,Restaurant,$
343,9. Urth Caffé,9.2,Café,$
344,10. Shwkat,9.2,Sandwich Spot,$$
345,11. BLANCA,9.2,Pizza,$
346,12. بيراديز للمأكولات الهنديه | Peradiz,9.2,Indian,$
347,13. Never Enough,9.2,Bakery,$
348,14. ALBAIK,9.2,Fried Chicken,$
349,15. Offwhite Inn,9.2,Restaurant,$$
350,16. PrimeCut,9.1,Burgers,$
351,17. CLAY,9.1,Café,$
352,18. HATABA,9.0,BBQ,$
353,19. Dunkin' Donuts,9.0,Donuts,$
354,20. بَاكر,9.0,Sandwich Spot,$$
355,21. Legit Cafe ليجت كافيه,9.0,Café,$
356,22. Eggsactly,9.0,Breakfast,$
357,23. Dhifa Resturant,9.0,Middle Eastern,$
358,24. اسطا عاصم Usta asim,9.0,Shawarma Restaurant,$
359,25. Al Hatab Bakery,9.0,Bakery,$
360,1. Easy Bakery,9.5,Bakery,$
361,2. BAC Bakehouse & Coffee,9.4,Bakery,$
362,3. Biox,9.4,Bakery,$
363,4. OREGANO PIZZERIA,9.3,Pizza,$
364,5. Ghemar Cafe,9.3,Bakery,$
365,6. Dank Sandwich | دانك ساندوتش,9.3,Sandwich Spot,$
366,7. FISHFACE,9.3,Poke Restaurant,$
367,8. Hels,9.3,Restaurant,$
368,9. Urth Caffé,9.2,Café,$
369,10. Shwkat,9.2,Sandwich Spot,$$
370,11. BLANCA,9.2,Pizza,$
371,12. بيراديز للمأكولات الهنديه | Peradiz,9.2,Indian,$
372,13. Never Enough,9.2,Bakery,$
373,14. ALBAIK,9.2,Fried Chicken,$
374,15. Offwhite Inn,9.2,Restaurant,$$
375,16. PrimeCut,9.1,Burgers,$
376,17. CLAY,9.1,Café,$
377,18. HATABA,9.0,BBQ,$
378,19. Dunkin' Donuts,9.0,Donuts,$
379,20. بَاكر,9.0,Sandwich Spot,$$
380,21. Legit Cafe ليجت كافيه,9.0,Café,$
381,22. Eggsactly,9.0,Breakfast,$
382,23. Dhifa Resturant,9.0,Middle Eastern,$
383,24. اسطا عاصم Usta asim,9.0,Shawarma Restaurant,$
384,25. Al Hatab Bakery,9.0,Bakery,$
385,1. Easy Bakery,9.5,Bakery,$
386,2. BAC Bakehouse & Coffee,9.4,Bakery,$
387,3. Biox,9.4,Bakery,$
388,4. OREGANO PIZZERIA,9.3,Pizza,$
389,5. Ghemar Cafe,9.3,Bakery,$
390,6. Dank Sandwich | دانك ساندوتش,9.3,Sandwich Spot,$
391,7. FISHFACE,9.3,Poke Restaurant,$
392,8. Hels,9.3,Restaurant,$
393,9. Urth Caffé,9.2,Café,$
394,10. Shwkat,9.2,Sandwich Spot,$$
395,11. BLANCA,9.2,Pizza,$
396,12. بيراديز للمأكولات الهنديه | Peradiz,9.2,Indian,$
397,13. Never Enough,9.2,Bakery,$
398,14. ALBAIK,9.2,Fried Chicken,$
399,15. Offwhite Inn,9.2,Restaurant,$$
400,16. PrimeCut,9.1,Burgers,$
401,17. CLAY,9.1,Café,$
402,18. HATABA,9.0,BBQ,$
403,19. Dunkin' Donuts,9.0,Donuts,$
404,20. بَاكر,9.0,Sandwich Spot,$$
405,21. Legit Cafe ليجت كافيه,9.0,Café,$
406,22. Eggsactly,9.0,Breakfast,$
407,23. Dhifa Resturant,9.0,Middle Eastern,$
408,24. اسطا عاصم Usta asim,9.0,Shawarma Restaurant,$
409,25. Al Hatab Bakery,9.0,Bakery,$
410,1. Easy Bakery,9.5,Bakery,$
411,2. BAC Bakehouse & Coffee,9.4,Bakery,$
412,3. Biox,9.4,Bakery,$
413,4. OREGANO PIZZERIA,9.3,Pizza,$
414,5. Ghemar Cafe,9.3,Bakery,$
415,6. Dank Sandwich | دانك ساندوتش,9.3,Sandwich Spot,$
416,7. FISHFACE,9.3,Poke Restaurant,$
417,8. Hels,9.3,Restaurant,$
418,9. Urth Caffé,9.2,Café,$
419,10. Shwkat,9.2,Sandwich Spot,$$
420,11. BLANCA,9.2,Pizza,$
421,12. بيراديز للمأكولات الهنديه | Peradiz,9.2,Indian,$
422,13. Never Enough,9.2,Bakery,$
423,14. ALBAIK,9.2,Fried Chicken,$
424,15. Offwhite Inn,9.2,Restaurant,$$
425,16. PrimeCut,9.1,Burgers,$
426,17. CLAY,9.1,Café,$
427,18. HATABA,9.0,BBQ,$
428,19. Dunkin' Donuts,9.0,Donuts,$
429,20. بَاكر,9.0,Sandwich Spot,$$
430,21. Legit Cafe ليجت كافيه,9.0,Café,$
431,22. Eggsactly,9.0,Breakfast,$
432,23. Dhifa Resturant,9.0,Middle Eastern,$
433,24. اسطا عاصم Usta asim,9.0,Shawarma Restaurant,$
434,25. Al Hatab Bakery,9.0,Bakery,$
435,1. Easy Bakery,9.5,Bakery,$
436,2. BAC Bakehouse & Coffee,9.4,Bakery,$
437,3. Biox,9.4,Bakery,$
438,4. OREGANO PIZZERIA,9.3,Pizza,$
439,5. Ghemar Cafe,9.3,Bakery,$
440,6. Dank Sandwich | دانك ساندوتش,9.3,Sandwich Spot,$
441,7. FISHFACE,9.3,Poke Restaurant,$
442,8. Hels,9.3,Restaurant,$
443,9. Urth Caffé,9.2,Café,$
444,10. Shwkat,9.2,Sandwich Spot,$$
445,11. BLANCA,9.2,Pizza,$
446,12. بيراديز للمأكولات الهنديه | Peradiz,9.2,Indian,$
447,13. Never Enough,9.2,Bakery,$
448,14. ALBAIK,9.2,Fried Chicken,$
449,15. Offwhite Inn,9.2,Restaurant,$$
450,16. PrimeCut,9.1,Burgers,$
451,17. CLAY,9.1,Café,$
452,18. HATABA,9.0,BBQ,$
453,19. Dunkin' Donuts,9.0,Donuts,$
454,20. بَاكر,9.0,Sandwich Spot,$$
455,21. Legit Cafe ليجت كافيه,9.0,Café,$
456,22. Eggsactly,9.0,Breakfast,$
457,23. Dhifa Resturant,9.0,Middle Eastern,$
458,24. اسطا عاصم Usta asim,9.0,Shawarma Restaurant,$
459,25. Al Hatab Bakery,9.0,Bakery,$
460,1. Easy Bakery,9.5,Bakery,$
461,2. BAC Bakehouse & Coffee,9.4,Bakery,$
462,3. Biox,9.4,Bakery,$
463,4. OREGANO PIZZERIA,9.3,Pizza,$
464,5. Ghemar Cafe,9.3,Bakery,$
465,6. Dank Sandwich | دانك ساندوتش,9.3,Sandwich Spot,$
466,7. FISHFACE,9.3,Poke Restaurant,$
467,8. Hels,9.3,Restaurant,$
468,9. Urth Caffé,9.2,Café,$
469,10. Shwkat,9.2,Sandwich Spot,$$
470,11. BLANCA,9.2,Pizza,$
471,12. بيراديز للمأكولات الهنديه | Peradiz,9.2,Indian,$
472,13. Never Enough,9.2,Bakery,$
473,14. ALBAIK,9.2,Fried Chicken,$
474,15. Offwhite Inn,9.2,Restaurant,$$
475,16. PrimeCut,9.1,Burgers,$
476,17. CLAY,9.1,Café,$
477,18. HATABA,9.0,BBQ,$
478,19. Dunkin' Donuts,9.0,Donuts,$
479,20. بَاكر,9.0,Sandwich Spot,$$
480,21. Legit Cafe ليجت كافيه,9.0,Café,$
481,22. Eggsactly,9.0,Breakfast,$
482,23. Dhifa Resturant,9.0,Middle Eastern,$
483,24. اسطا عاصم Usta asim,9.0,Shawarma Restaurant,$
484,25. Al Hatab Bakery,9.0,Bakery,$
485,1. Easy Bakery,9.5,Bakery,$
486,2. BAC Bakehouse & Coffee,9.4,Bakery,$
487,3. Biox,9.4,Bakery,$
488,4. OREGANO PIZZERIA,9.3,Pizza,$
489,5. Ghemar Cafe,9.3,Bakery,$
490,6. Dank Sandwich | دانك ساندوتش,9.3,Sandwich Spot,$
491,7. FISHFACE,9.3,Poke Restaurant,$
492,8. Hels,9.3,Restaurant,$
493,9. Urth Caffé,9.2,Café,$
494,10. Shwkat,9.2,Sandwich Spot,$$
495,11. BLANCA,9.2,Pizza,$
496,12. بيراديز للمأكولات الهنديه | Peradiz,9.2,Indian,$
497,13. Never Enough,9.2,Bakery,$
498,14. ALBAIK,9.2,Fried Chicken,$
499,15. Offwhite Inn,9.2,Restaurant,$$
500,16. PrimeCut,9.1,Burgers,$
501,17. CLAY,9.1,Café,$
502,18. HATABA,9.0,BBQ,$
503,19. Dunkin' Donuts,9.0,Donuts,$
504,20. بَاكر,9.0,Sandwich Spot,$$
505,21. Legit Cafe ليجت كافيه,9.0,Café,$
506,22. Eggsactly,9.0,Breakfast,$
507,23. Dhifa Resturant,9.0,Middle Eastern,$
508,24. اسطا عاصم Usta asim,9.0,Shawarma Restaurant,$
509,25. Al Hatab Bakery,9.0,Bakery,$
510,1. ساين,9.6,Burgers,$
511,2. Al Hatab Bakery,9.5,Bakery,$
512,3. Mama Noura,9.3,Shawarma Restaurant,$
513,4. Urth Caffé,9.2,Café,$
514,5. BLANCA,9.2,Pizza,$$
515,6. بيراديز للمأكولات الهنديه | Peradiz,9.2,Indian,$
516,7. ALBAIK,9.2,Fried Chicken,$
517,8. Offwhite Inn,9.2,Restaurant,$
518,9. Dunkin' Donuts,9.2,Donuts,$
519,10. Al Hatab Bakery,9.1,Bakery,$$
520,11. dr.CAFE COFFEE,9.1,Café,$
521,12. La Casa Pasta,9.1,Italian,$
522,13. CLAY,9.1,Café,$
523,14. Boga,9.0,Sandwich Spot,$
524,15. Legit Cafe ليجت كافيه,9.0,Café,$
525,16. Dunkin Donuts,9.0,Donuts,$
526,17. Dunkin' Donuts,9.0,Donuts,$
527,18. Dunkin Donuts,9.0,Donuts,$
528,1. ساين,9.6,Burgers,$
529,2. Al Hatab Bakery,9.5,Bakery,$
530,3. Mama Noura,9.3,Shawarma Restaurant,$
531,4. Urth Caffé,9.2,Café,$
532,5. BLANCA,9.2,Pizza,$$
533,6. بيراديز للمأكولات الهنديه | Peradiz,9.2,Indian,$
534,7. ALBAIK,9.2,Fried Chicken,$
535,8. Offwhite Inn,9.2,Restaurant,$
536,9. Dunkin' Donuts,9.2,Donuts,$
537,10. Al Hatab Bakery,9.1,Bakery,$$
538,11. dr.CAFE COFFEE,9.1,Café,$
539,12. La Casa Pasta,9.1,Italian,$
540,13. CLAY,9.1,Café,$
541,14. Boga,9.0,Sandwich Spot,$
542,15. Legit Cafe ليجت كافيه,9.0,Café,$
543,16. Dunkin Donuts,9.0,Donuts,$
544,17. Dunkin' Donuts,9.0,Donuts,$
545,18. Dunkin Donuts,9.0,Donuts,$
546,1. ساين,9.6,Burgers,$
547,2. Al Hatab Bakery,9.5,Bakery,$
548,3. Mama Noura,9.3,Shawarma Restaurant,$
549,4. Urth Caffé,9.2,Café,$
550,5. BLANCA,9.2,Pizza,$$
551,6. بيراديز للمأكولات الهنديه | Peradiz,9.2,Indian,$
552,7. ALBAIK,9.2,Fried Chicken,$
553,8. Offwhite Inn,9.2,Restaurant,$
554,9. Dunkin' Donuts,9.2,Donuts,$
555,10. Al Hatab Bakery,9.1,Bakery,$$
556,11. dr.CAFE COFFEE,9.1,Café,$
557,12. La Casa Pasta,9.1,Italian,$
558,13. CLAY,9.1,Café,$
559,14. Boga,9.0,Sandwich Spot,$
560,15. Legit Cafe ليجت كافيه,9.0,Café,$
561,16. Dunkin Donuts,9.0,Donuts,$
562,17. Dunkin' Donuts,9.0,Donuts,$
563,18. Dunkin Donuts,9.0,Donuts,$
564,1. ساين,9.6,Burgers,$
565,2. Al Hatab Bakery,9.5,Bakery,$
566,3. Mama Noura,9.3,Shawarma Restaurant,$
567,4. Urth Caffé,9.2,Café,$
568,5. BLANCA,9.2,Pizza,$$
569,6. بيراديز للمأكولات الهنديه | Peradiz,9.2,Indian,$
570,7. ALBAIK,9.2,Fried Chicken,$
571,8. Offwhite Inn,9.2,Restaurant,$
572,9. Dunkin' Donuts,9.2,Donuts,$
573,10. Al Hatab Bakery,9.1,Bakery,$$
574,11. dr.CAFE COFFEE,9.1,Café,$
575,12. La Casa Pasta,9.1,Italian,$
576,13. CLAY,9.1,Café,$
577,14. Boga,9.0,Sandwich Spot,$
578,15. Legit Cafe ليجت كافيه,9.0,Café,$
579,16. Dunkin Donuts,9.0,Donuts,$
580,17. Dunkin' Donuts,9.0,Donuts,$
581,18. Dunkin Donuts,9.0,Donuts,$
582,1. ساين,9.6,Burgers,$
583,2. Al Hatab Bakery,9.5,Bakery,$
584,3. Mama Noura,9.3,Shawarma Restaurant,$
585,4. Urth Caffé,9.2,Café,$
586,5. BLANCA,9.2,Pizza,$$
587,6. بيراديز للمأكولات الهنديه | Peradiz,9.2,Indian,$
588,7. ALBAIK,9.2,Fried Chicken,$
589,8. Offwhite Inn,9.2,Restaurant,$
590,9. Dunkin' Donuts,9.2,Donuts,$
591,10. Al Hatab Bakery,9.1,Bakery,$$
592,11. dr.CAFE COFFEE,9.1,Café,$
593,12. La Casa Pasta,9.1,Italian,$
594,13. CLAY,9.1,Café,$
595,14. Boga,9.0,Sandwich Spot,$
596,15. Legit Cafe ليجت كافيه,9.0,Café,$
597,16. Dunkin Donuts,9.0,Donuts,$
598,17. Dunkin' Donuts,9.0,Donuts,$
599,18. Dunkin Donuts,9.0,Donuts,$
600,1. ساين,9.6,Burgers,$
601,2. Al Hatab Bakery,9.5,Bakery,$
602,3. Mama Noura,9.3,Shawarma Restaurant,$
603,4. Urth Caffé,9.2,Café,$
604,5. BLANCA,9.2,Pizza,$$
605,6. بيراديز للمأكولات الهنديه | Peradiz,9.2,Indian,$
606,7. ALBAIK,9.2,Fried Chicken,$
607,8. Offwhite Inn,9.2,Restaurant,$
608,9. Dunkin' Donuts,9.2,Donuts,$
609,10. Al Hatab Bakery,9.1,Bakery,$$
610,11. dr.CAFE COFFEE,9.1,Café,$
611,12. La Casa Pasta,9.1,Italian,$
612,13. CLAY,9.1,Café,$
613,14. Boga,9.0,Sandwich Spot,$
614,15. Legit Cafe ليجت كافيه,9.0,Café,$
615,16. Dunkin Donuts,9.0,Donuts,$
616,17. Dunkin' Donuts,9.0,Donuts,$
617,18. Dunkin Donuts,9.0,Donuts,$
618,1. ساين,9.6,Burgers,$
619,2. Al Hatab Bakery,9.5,Bakery,$
620,3. Mama Noura,9.3,Shawarma Restaurant,$
621,4. Urth Caffé,9.2,Café,$
622,5. BLANCA,9.2,Pizza,$$
623,6. بيراديز للمأكولات الهنديه | Peradiz,9.2,Indian,$
624,7. ALBAIK,9.2,Fried Chicken,$
625,8. Offwhite Inn,9.2,Restaurant,$
626,9. Dunkin' Donuts,9.2,Donuts,$
627,10. Al Hatab Bakery,9.1,Bakery,$$
628,11. dr.CAFE COFFEE,9.1,Café,$
629,12. La Casa Pasta,9.1,Italian,$
630,13. CLAY,9.1,Café,$
631,14. Boga,9.0,Sandwich Spot,$
632,15. Legit Cafe ليجت كافيه,9.0,Café,$
633,16. Dunkin Donuts,9.0,Donuts,$
634,17. Dunkin' Donuts,9.0,Donuts,$
635,18. Dunkin Donuts,9.0,Donuts,$
636,1. ساين,9.6,Burgers,$
637,2. Al Hatab Bakery,9.5,Bakery,$
638,3. Mama Noura,9.3,Shawarma Restaurant,$
639,4. Urth Caffé,9.2,Café,$
640,5. BLANCA,9.2,Pizza,$$
641,6. بيراديز للمأكولات الهنديه | Peradiz,9.2,Indian,$
642,7. ALBAIK,9.2,Fried Chicken,$
643,8. Offwhite Inn,9.2,Restaurant,$
644,9. Dunkin' Donuts,9.2,Donuts,$
645,10. Al Hatab Bakery,9.1,Bakery,$$
646,11. dr.CAFE COFFEE,9.1,Café,$
647,12. La Casa Pasta,9.1,Italian,$
648,13. CLAY,9.1,Café,$
649,14. Boga,9.0,Sandwich Spot,$
650,15. Legit Cafe ليجت كافيه,9.0,Café,$
651,16. Dunkin Donuts,9.0,Donuts,$
652,17. Dunkin' Donuts,9.0,Donuts,$
653,18. Dunkin Donuts,9.0,Donuts,$
654,1. ساين,9.6,Burgers,$
655,2. Al Hatab Bakery,9.5,Bakery,$
656,3. Mama Noura,9.3,Shawarma Restaurant,$
657,4. Urth Caffé,9.2,Café,$
658,5. BLANCA,9.2,Pizza,$$
659,6. بيراديز للمأكولات الهنديه | Peradiz,9.2,Indian,$
660,7. ALBAIK,9.2,Fried Chicken,$
661,8. Offwhite Inn,9.2,Restaurant,$
662,9. Dunkin' Donuts,9.2,Donuts,$
663,10. Al Hatab Bakery,9.1,Bakery,$$
664,11. dr.CAFE COFFEE,9.1,Café,$
665,12. La Casa Pasta,9.1,Italian,$
666,13. CLAY,9.1,Café,$
667,14. Boga,9.0,Sandwich Spot,$
668,15. Legit Cafe ليجت كافيه,9.0,Café,$
669,16. Dunkin Donuts,9.0,Donuts,$
670,17. Dunkin' Donuts,9.0,Donuts,$
671,18. Dunkin Donuts,9.0,Donuts,$
672,1. ساين,9.6,Burgers,$
673,2. Al Hatab Bakery,9.5,Bakery,$
674,3. Mama Noura,9.3,Shawarma Restaurant,$
675,4. Urth Caffé,9.2,Café,$
676,5. BLANCA,9.2,Pizza,$$
677,6. بيراديز للمأكولات الهنديه | Peradiz,9.2,Indian,$
678,7. ALBAIK,9.2,Fried Chicken,$
679,8. Offwhite Inn,9.2,Restaurant,$
680,9. Dunkin' Donuts,9.2,Donuts,$
681,10. Al Hatab Bakery,9.1,Bakery,$$
682,11. dr.CAFE COFFEE,9.1,Café,$
683,12. La Casa Pasta,9.1,Italian,$
684,13. CLAY,9.1,Café,$
685,14. Boga,9.0,Sandwich Spot,$
686,15. Legit Cafe ليجت كافيه,9.0,Café,$
687,16. Dunkin Donuts,9.0,Donuts,$
688,17. Dunkin' Donuts,9.0,Donuts,$
689,18. Dunkin Donuts,9.0,Donuts,$
690,1. WHJ CAFE,9.3,Café,$
691,2. بوفية فهد كبدة غنم وحاشي,9.3,Breakfast,$
692,3. ALHatab Bakery | أفران الحطب,9.1,Bakery,$
693,4. AlNaqaa,9.1,Falafel,$
694,5. Dutch Brunch,9.1,Breakfast,$
695,6. Mama Noura,9.1,Shawarma Restaurant,$
696,7. Dunkin' Donuts,9.1,Donuts,$
697,8. Jathel,9.1,Café,$
698,9. Dunkin Dounts,9.0,Donuts,$
699,10. أفران الحطب || Alhatab Bakery,9.0,Bakery,$
700,11. دوز كافيه,9.0,Café,$
701,12. Dunkin' Donuts,9.0,Donuts,$
702,13. Dunkin' Donuts دانكن دونات,9.0,Donuts,$$
703,14. Shawarma House,9.0,Middle Eastern,$
704,15. فلافل ثمار,9.0,Falafel,$
705,1. WHJ CAFE,9.3,Café,$
706,2. بوفية فهد كبدة غنم وحاشي,9.3,Breakfast,$
707,3. ALHatab Bakery | أفران الحطب,9.1,Bakery,$
708,4. AlNaqaa,9.1,Falafel,$
709,5. Dutch Brunch,9.1,Breakfast,$
710,6. Mama Noura,9.1,Shawarma Restaurant,$
711,7. Dunkin' Donuts,9.1,Donuts,$
712,8. Jathel,9.1,Café,$
713,9. Dunkin Dounts,9.0,Donuts,$
714,10. أفران الحطب || Alhatab Bakery,9.0,Bakery,$
715,11. دوز كافيه,9.0,Café,$
716,12. Dunkin' Donuts,9.0,Donuts,$
717,13. Dunkin' Donuts دانكن دونات,9.0,Donuts,$$
718,14. Shawarma House,9.0,Middle Eastern,$
719,15. فلافل ثمار,9.0,Falafel,$
720,1. WHJ CAFE,9.3,Café,$
721,2. بوفية فهد كبدة غنم وحاشي,9.3,Breakfast,$
722,3. ALHatab Bakery | أفران الحطب,9.1,Bakery,$
723,4. AlNaqaa,9.1,Falafel,$
724,5. Dutch Brunch,9.1,Breakfast,$
725,6. Mama Noura,9.1,Shawarma Restaurant,$
726,7. Dunkin' Donuts,9.1,Donuts,$
727,8. Jathel,9.1,Café,$
728,9. Dunkin Dounts,9.0,Donuts,$
729,10. أفران الحطب || Alhatab Bakery,9.0,Bakery,$
730,11. دوز كافيه,9.0,Café,$
731,12. Dunkin' Donuts,9.0,Donuts,$
732,13. Dunkin' Donuts دانكن دونات,9.0,Donuts,$$
733,14. Shawarma House,9.0,Middle Eastern,$
734,15. فلافل ثمار,9.0,Falafel,$
735,1. WHJ CAFE,9.3,Café,$
736,2. بوفية فهد كبدة غنم وحاشي,9.3,Breakfast,$
737,3. ALHatab Bakery | أفران الحطب,9.1,Bakery,$
738,4. AlNaqaa,9.1,Falafel,$
739,5. Dutch Brunch,9.1,Breakfast,$
740,6. Mama Noura,9.1,Shawarma Restaurant,$
741,7. Dunkin' Donuts,9.1,Donuts,$
742,8. Jathel,9.1,Café,$
743,9. Dunkin Dounts,9.0,Donuts,$
744,10. أفران الحطب || Alhatab Bakery,9.0,Bakery,$
745,11. دوز كافيه,9.0,Café,$
746,12. Dunkin' Donuts,9.0,Donuts,$
747,13. Dunkin' Donuts دانكن دونات,9.0,Donuts,$$
748,14. Shawarma House,9.0,Middle Eastern,$
749,15. فلافل ثمار,9.0,Falafel,$
750,1. WHJ CAFE,9.3,Café,$
751,2. بوفية فهد كبدة غنم وحاشي,9.3,Breakfast,$
752,3. ALHatab Bakery | أفران الحطب,9.1,Bakery,$
753,4. AlNaqaa,9.1,Falafel,$
754,5. Dutch Brunch,9.1,Breakfast,$
755,6. Mama Noura,9.1,Shawarma Restaurant,$
756,7. Dunkin' Donuts,9.1,Donuts,$
757,8. Jathel,9.1,Café,$
758,9. Dunkin Dounts,9.0,Donuts,$
759,10. أفران الحطب || Alhatab Bakery,9.0,Bakery,$
760,11. دوز كافيه,9.0,Café,$
761,12. Dunkin' Donuts,9.0,Donuts,$
762,13. Dunkin' Donuts دانكن دونات,9.0,Donuts,$$
763,14. Shawarma House,9.0,Middle Eastern,$
764,15. فلافل ثمار,9.0,Falafel,$
765,1. WHJ CAFE,9.3,Café,$
766,2. بوفية فهد كبدة غنم وحاشي,9.3,Breakfast,$
767,3. ALHatab Bakery | أفران الحطب,9.1,Bakery,$
768,4. AlNaqaa,9.1,Falafel,$
769,5. Dutch Brunch,9.1,Breakfast,$
770,6. Mama Noura,9.1,Shawarma Restaurant,$
771,7. Dunkin' Donuts,9.1,Donuts,$
772,8. Jathel,9.1,Café,$
773,9. Dunkin Dounts,9.0,Donuts,$
774,10. أفران الحطب || Alhatab Bakery,9.0,Bakery,$
775,11. دوز كافيه,9.0,Café,$
776,12. Dunkin' Donuts,9.0,Donuts,$
777,13. Dunkin' Donuts دانكن دونات,9.0,Donuts,$$
778,14. Shawarma House,9.0,Middle Eastern,$
779,15. فلافل ثمار,9.0,Falafel,$
780,1. WHJ CAFE,9.3,Café,$
781,2. بوفية فهد كبدة غنم وحاشي,9.3,Breakfast,$
782,3. ALHatab Bakery | أفران الحطب,9.1,Bakery,$
783,4. AlNaqaa,9.1,Falafel,$
784,5. Dutch Brunch,9.1,Breakfast,$
785,6. Mama Noura,9.1,Shawarma Restaurant,$
786,7. Dunkin' Donuts,9.1,Donuts,$
787,8. Jathel,9.1,Café,$
788,9. Dunkin Dounts,9.0,Donuts,$
789,10. أفران الحطب || Alhatab Bakery,9.0,Bakery,$
790,11. دوز كافيه,9.0,Café,$
791,12. Dunkin' Donuts,9.0,Donuts,$
792,13. Dunkin' Donuts دانكن دونات,9.0,Donuts,$$
793,14. Shawarma House,9.0,Middle Eastern,$
794,15. فلافل ثمار,9.0,Falafel,$
795,1. WHJ CAFE,9.3,Café,$
796,2. بوفية فهد كبدة غنم وحاشي,9.3,Breakfast,$
797,3. ALHatab Bakery | أفران الحطب,9.1,Bakery,$
798,4. AlNaqaa,9.1,Falafel,$
799,5. Dutch Brunch,9.1,Breakfast,$
800,6. Mama Noura,9.1,Shawarma Restaurant,$
801,7. Dunkin' Donuts,9.1,Donuts,$
802,8. Jathel,9.1,Café,$
803,9. Dunkin Dounts,9.0,Donuts,$
804,10. أفران الحطب || Alhatab Bakery,9.0,Bakery,$
805,11. دوز كافيه,9.0,Café,$
806,12. Dunkin' Donuts,9.0,Donuts,$
807,13. Dunkin' Donuts دانكن دونات,9.0,Donuts,$$
808,14. Shawarma House,9.0,Middle Eastern,$
809,15. فلافل ثمار,9.0,Falafel,$
810,1. WHJ CAFE,9.3,Café,$
811,2. بوفية فهد كبدة غنم وحاشي,9.3,Breakfast,$
812,3. ALHatab Bakery | أفران الحطب,9.1,Bakery,$
813,4. AlNaqaa,9.1,Falafel,$
814,5. Dutch Brunch,9.1,Breakfast,$
815,6. Mama Noura,9.1,Shawarma Restaurant,$
816,7. Dunkin' Donuts,9.1,Donuts,$
817,8. Jathel,9.1,Café,$
818,9. Dunkin Dounts,9.0,Donuts,$
819,10. أفران الحطب || Alhatab Bakery,9.0,Bakery,$
820,11. دوز كافيه,9.0,Café,$
821,12. Dunkin' Donuts,9.0,Donuts,$
822,13. Dunkin' Donuts دانكن دونات,9.0,Donuts,$$
823,14. Shawarma House,9.0,Middle Eastern,$
824,15. فلافل ثمار,9.0,Falafel,$
825,1. WHJ CAFE,9.3,Café,$
826,2. بوفية فهد كبدة غنم وحاشي,9.3,Breakfast,$
827,3. ALHatab Bakery | أفران الحطب,9.1,Bakery,$
828,4. AlNaqaa,9.1,Falafel,$
829,5. Dutch Brunch,9.1,Breakfast,$
830,6. Mama Noura,9.1,Shawarma Restaurant,$
831,7. Dunkin' Donuts,9.1,Donuts,$
832,8. Jathel,9.1,Café,$
833,9. Dunkin Dounts,9.0,Donuts,$
834,10. أفران الحطب || Alhatab Bakery,9.0,Bakery,$
835,11. دوز كافيه,9.0,Café,$
836,12. Dunkin' Donuts,9.0,Donuts,$
837,13. Dunkin' Donuts دانكن دونات,9.0,Donuts,$$
838,14. Shawarma House,9.0,Middle Eastern,$
839,15. فلافل ثمار,9.0,Falafel,$
840,1. Dunkin’ Donuts Drive Thru,9.4,Donuts,$
841,2. Oregano Pizzeria,9.4,Pizza,$
842,3. شاي وسمسم,9.4,Café,$
843,4. Stones,9.3,Café,$
844,5. Sakaf Cafe,9.3,Café,$
845,6. Lauda,9.2,Sandwich Spot,$
846,7. Yubah Bakery,9.1,Bakery,$
847,8. PORTAFILTER بورتافلتر,9.1,Café,$
848,9. AlHatab Bakery,9.1,Bakery,$
849,10. فطاير عالطاير للوجبات السريعة,9.0,Fast Food,$
850,1. Dunkin’ Donuts Drive Thru,9.4,Donuts,$
851,2. Oregano Pizzeria,9.4,Pizza,$
852,3. شاي وسمسم,9.4,Café,$
853,4. Stones,9.3,Café,$
854,5. Sakaf Cafe,9.3,Café,$
855,6. Lauda,9.2,Sandwich Spot,$
856,7. Yubah Bakery,9.1,Bakery,$
857,8. PORTAFILTER بورتافلتر,9.1,Café,$
858,9. AlHatab Bakery,9.1,Bakery,$
859,10. فطاير عالطاير للوجبات السريعة,9.0,Fast Food,$
860,1. Dunkin’ Donuts Drive Thru,9.4,Donuts,$
861,2. Oregano Pizzeria,9.4,Pizza,$
862,3. شاي وسمسم,9.4,Café,$
863,4. Stones,9.3,Café,$
864,5. Sakaf Cafe,9.3,Café,$
865,6. Lauda,9.2,Sandwich Spot,$
866,7. Yubah Bakery,9.1,Bakery,$
867,8. PORTAFILTER بورتافلتر,9.1,Café,$
868,9. AlHatab Bakery,9.1,Bakery,$
869,10. فطاير عالطاير للوجبات السريعة,9.0,Fast Food,$
870,1. Dunkin’ Donuts Drive Thru,9.4,Donuts,$
871,2. Oregano Pizzeria,9.4,Pizza,$
872,3. شاي وسمسم,9.4,Café,$
873,4. Stones,9.3,Café,$
874,5. Sakaf Cafe,9.3,Café,$
875,6. Lauda,9.2,Sandwich Spot,$
876,7. Yubah Bakery,9.1,Bakery,$
877,8. PORTAFILTER بورتافلتر,9.1,Café,$
878,9. AlHatab Bakery,9.1,Bakery,$
879,10. فطاير عالطاير للوجبات السريعة,9.0,Fast Food,$
880,1. Dunkin’ Donuts Drive Thru,9.4,Donuts,$
881,2. Oregano Pizzeria,9.4,Pizza,$
882,3. شاي وسمسم,9.4,Café,$
883,4. Stones,9.3,Café,$
884,5. Sakaf Cafe,9.3,Café,$
885,6. Lauda,9.2,Sandwich Spot,$
886,7. Yubah Bakery,9.1,Bakery,$
887,8. PORTAFILTER بورتافلتر,9.1,Café,$
888,9. AlHatab Bakery,9.1,Bakery,$
889,10. فطاير عالطاير للوجبات السريعة,9.0,Fast Food,$
890,1. Dunkin’ Donuts Drive Thru,9.4,Donuts,$
891,2. Oregano Pizzeria,9.4,Pizza,$
892,3. شاي وسمسم,9.4,Café,$
893,4. Stones,9.3,Café,$
894,5. Sakaf Cafe,9.3,Café,$
895,6. Lauda,9.2,Sandwich Spot,$
896,7. Yubah Bakery,9.1,Bakery,$
897,8. PORTAFILTER بورتافلتر,9.1,Café,$
898,9. AlHatab Bakery,9.1,Bakery,$
899,10. فطاير عالطاير للوجبات السريعة,9.0,Fast Food,$
900,1. Dunkin’ Donuts Drive Thru,9.4,Donuts,$
901,2. Oregano Pizzeria,9.4,Pizza,$
902,3. شاي وسمسم,9.4,Café,$
903,4. Stones,9.3,Café,$
904,5. Sakaf Cafe,9.3,Café,$
905,6. Lauda,9.2,Sandwich Spot,$
906,7. Yubah Bakery,9.1,Bakery,$
907,8. PORTAFILTER بورتافلتر,9.1,Café,$
908,9. AlHatab Bakery,9.1,Bakery,$
909,10. فطاير عالطاير للوجبات السريعة,9.0,Fast Food,$
910,1. Dunkin’ Donuts Drive Thru,9.4,Donuts,$
911,2. Oregano Pizzeria,9.4,Pizza,$
912,3. شاي وسمسم,9.4,Café,$
913,4. Stones,9.3,Café,$
914,5. Sakaf Cafe,9.3,Café,$
915,6. Lauda,9.2,Sandwich Spot,$
916,7. Yubah Bakery,9.1,Bakery,$
917,8. PORTAFILTER بورتافلتر,9.1,Café,$
918,9. AlHatab Bakery,9.1,Bakery,$
919,10. فطاير عالطاير للوجبات السريعة,9.0,Fast Food,$
920,1. Dunkin’ Donuts Drive Thru,9.4,Donuts,$
921,2. Oregano Pizzeria,9.4,Pizza,$
922,3. شاي وسمسم,9.4,Café,$
923,4. Stones,9.3,Café,$
924,5. Sakaf Cafe,9.3,Café,$
925,6. Lauda,9.2,Sandwich Spot,$
926,7. Yubah Bakery,9.1,Bakery,$
927,8. PORTAFILTER بورتافلتر,9.1,Café,$
928,9. AlHatab Bakery,9.1,Bakery,$
929,10. فطاير عالطاير للوجبات السريعة,9.0,Fast Food,$
930,1. Dunkin’ Donuts Drive Thru,9.4,Donuts,$
931,2. Oregano Pizzeria,9.4,Pizza,$
932,3. شاي وسمسم,9.4,Café,$
933,4. Stones,9.3,Café,$
934,5. Sakaf Cafe,9.3,Café,$
935,6. Lauda,9.2,Sandwich Spot,$
936,7. Yubah Bakery,9.1,Bakery,$
937,8. PORTAFILTER بورتافلتر,9.1,Café,$
938,9. AlHatab Bakery,9.1,Bakery,$
939,10. فطاير عالطاير للوجبات السريعة,9.0,Fast Food,$
940,1. AlNaqaa,9.4,Breakfast,$
941,2. فرن صحيفة وفطائر شامية,9.3,Bakery,$
942,3. مطاعم ومطابخ باخلعه- مندي ومكتوم,9.2,Middle Eastern,$$
943,4. محامص ومطاحن السوادي,9.2,Snacks,$
944,5. مقصف Muqsaf 90,9.2,Breakfast,$
945,6. Fawal Alafrah,9.1,Breakfast,$
946,7. AL TYSEER,9.0,Middle Eastern,$$
947,8. AlNaqaa,9.0,Breakfast,$
948,1. AlNaqaa,9.4,Breakfast,$
949,2. فرن صحيفة وفطائر شامية,9.3,Bakery,$
950,3. مطاعم ومطابخ باخلعه- مندي ومكتوم,9.2,Middle Eastern,$$
951,4. محامص ومطاحن السوادي,9.2,Snacks,$
952,5. مقصف Muqsaf 90,9.2,Breakfast,$
953,6. Fawal Alafrah,9.1,Breakfast,$
954,7. AL TYSEER,9.0,Middle Eastern,$$
955,8. AlNaqaa,9.0,Breakfast,$
956,1. AlNaqaa,9.4,Breakfast,$
957,2. فرن صحيفة وفطائر شامية,9.3,Bakery,$
958,3. مطاعم ومطابخ باخلعه- مندي ومكتوم,9.2,Middle Eastern,$$
959,4. محامص ومطاحن السوادي,9.2,Snacks,$
960,5. مقصف Muqsaf 90,9.2,Breakfast,$
961,6. Fawal Alafrah,9.1,Breakfast,$
962,7. AL TYSEER,9.0,Middle Eastern,$$
963,8. AlNaqaa,9.0,Breakfast,$
964,1. AlNaqaa,9.4,Breakfast,$
965,2. فرن صحيفة وفطائر شامية,9.3,Bakery,$
966,3. مطاعم ومطابخ باخلعه- مندي ومكتوم,9.2,Middle Eastern,$$
967,4. محامص ومطاحن السوادي,9.2,Snacks,$
968,5. مقصف Muqsaf 90,9.2,Breakfast,$
969,6. Fawal Alafrah,9.1,Breakfast,$
970,7. AL TYSEER,9.0,Middle Eastern,$$
971,8. AlNaqaa,9.0,Breakfast,$
972,1. AlNaqaa,9.4,Breakfast,$
973,2. فرن صحيفة وفطائر شامية,9.3,Bakery,$
974,3. مطاعم ومطابخ باخلعه- مندي ومكتوم,9.2,Middle Eastern,$$
975,4. محامص ومطاحن السوادي,9.2,Snacks,$
976,5. مقصف Muqsaf 90,9.2,Breakfast,$
977,6. Fawal Alafrah,9.1,Breakfast,$
978,7. AL TYSEER,9.0,Middle Eastern,$$
979,8. AlNaqaa,9.0,Breakfast,$
980,1. AlNaqaa,9.4,Breakfast,$
981,2. فرن صحيفة وفطائر شامية,9.3,Bakery,$
982,3. مطاعم ومطابخ باخلعه- مندي ومكتوم,9.2,Middle Eastern,$$
983,4. محامص ومطاحن السوادي,9.2,Snacks,$
984,5. مقصف Muqsaf 90,9.2,Breakfast,$
985,6. Fawal Alafrah,9.1,Breakfast,$
986,7. AL TYSEER,9.0,Middle Eastern,$$
987,8. AlNaqaa,9.0,Breakfast,$
988,1. AlNaqaa,9.4,Breakfast,$
989,2. فرن صحيفة وفطائر شامية,9.3,Bakery,$
990,3. مطاعم ومطابخ باخلعه- مندي ومكتوم,9.2,Middle Eastern,$$
991,4. محامص ومطاحن السوادي,9.2,Snacks,$
992,5. مقصف Muqsaf 90,9.2,Breakfast,$
993,6. Fawal Alafrah,9.1,Breakfast,$
994,7. AL TYSEER,9.0,Middle Eastern,$$
995,8. AlNaqaa,9.0,Breakfast,$
996,1. AlNaqaa,9.4,Breakfast,$
997,2. فرن صحيفة وفطائر شامية,9.3,Bakery,$
998,3. مطاعم ومطابخ باخلعه- مندي ومكتوم,9.2,Middle Eastern,$$
999,4. محامص ومطاحن السوادي,9.2,Snacks,$
1000,5. مقصف Muqsaf 90,9.2,Breakfast,$
1001,6. Fawal Alafrah,9.1,Breakfast,$
1002,7. AL TYSEER,9.0,Middle Eastern,$$
1003,8. AlNaqaa,9.0,Breakfast,$
1004,1. AlNaqaa,9.4,Breakfast,$
1005,2. فرن صحيفة وفطائر شامية,9.3,Bakery,$
1006,3. مطاعم ومطابخ باخلعه- مندي ومكتوم,9.2,Middle Eastern,$$
1007,4. محامص ومطاحن السوادي,9.2,Snacks,$
1008,5. مقصف Muqsaf 90,9.2,Breakfast,$
1009,6. Fawal Alafrah,9.1,Breakfast,$
1010,7. AL TYSEER,9.0,Middle Eastern,$$
1011,8. AlNaqaa,9.0,Breakfast,$
1012,1. AlNaqaa,9.4,Breakfast,$
1013,2. فرن صحيفة وفطائر شامية,9.3,Bakery,$
1014,3. مطاعم ومطابخ باخلعه- مندي ومكتوم,9.2,Middle Eastern,$$
1015,4. محامص ومطاحن السوادي,9.2,Snacks,$
1016,5. مقصف Muqsaf 90,9.2,Breakfast,$
1017,6. Fawal Alafrah,9.1,Breakfast,$
1018,7. AL TYSEER,9.0,Middle Eastern,$$
1019,8. AlNaqaa,9.0,Breakfast,$
1020,1. Ba’a Bakehouse,9.6,Bakery,$
1021,2. ساين,9.4,Burgers,$
1022,3. Miray Specialty Cafe,9.1,Café,$
1023,4. Finding Sushi,9.1,Sushi,$$
1024,5. شواية الخليج,9.0,Middle Eastern,$$
1025,1. Ba’a Bakehouse,9.6,Bakery,$
1026,2. ساين,9.4,Burgers,$
1027,3. Miray Specialty Cafe,9.1,Café,$
1028,4. Finding Sushi,9.1,Sushi,$$
1029,5. شواية الخليج,9.0,Middle Eastern,$$
1030,1. Ba’a Bakehouse,9.6,Bakery,$
1031,2. ساين,9.4,Burgers,$
1032,3. Miray Specialty Cafe,9.1,Café,$
1033,4. Finding Sushi,9.1,Sushi,$$
1034,5. شواية الخليج,9.0,Middle Eastern,$$
1035,1. Ba’a Bakehouse,9.6,Bakery,$
1036,2. ساين,9.4,Burgers,$
1037,3. Miray Specialty Cafe,9.1,Café,$
1038,4. Finding Sushi,9.1,Sushi,$$
1039,5. شواية الخليج,9.0,Middle Eastern,$$
1040,1. Ba’a Bakehouse,9.6,Bakery,$
1041,2. ساين,9.4,Burgers,$
1042,3. Miray Specialty Cafe,9.1,Café,$
1043,4. Finding Sushi,9.1,Sushi,$$
1044,5. شواية الخليج,9.0,Middle Eastern,$$
1045,1. Ba’a Bakehouse,9.6,Bakery,$
1046,2. ساين,9.4,Burgers,$
1047,3. Miray Specialty Cafe,9.1,Café,$
1048,4. Finding Sushi,9.1,Sushi,$$
1049,5. شواية الخليج,9.0,Middle Eastern,$$
1050,1. Ba’a Bakehouse,9.6,Bakery,$
1051,2. ساين,9.4,Burgers,$
1052,3. Miray Specialty Cafe,9.1,Café,$
1053,4. Finding Sushi,9.1,Sushi,$$
1054,5. شواية الخليج,9.0,Middle Eastern,$$
1055,1. Ba’a Bakehouse,9.6,Bakery,$
1056,2. ساين,9.4,Burgers,$
1057,3. Miray Specialty Cafe,9.1,Café,$
1058,4. Finding Sushi,9.1,Sushi,$$
1059,5. شواية الخليج,9.0,Middle Eastern,$$
1060,1. Ba’a Bakehouse,9.6,Bakery,$
1061,2. ساين,9.4,Burgers,$
1062,3. Miray Specialty Cafe,9.1,Café,$
1063,4. Finding Sushi,9.1,Sushi,$$
1064,5. شواية الخليج,9.0,Middle Eastern,$$
1065,1. Ba’a Bakehouse,9.6,Bakery,$
1066,2. ساين,9.4,Burgers,$
1067,3. Miray Specialty Cafe,9.1,Café,$
1068,4. Finding Sushi,9.1,Sushi,$$
1069,5. شواية الخليج,9.0,Middle Eastern,$$
1070,1. Al Mamlaka Social Dining,9.5,Food Court,$
1071,2. Easy Bakery,9.5,Bakery,$$$
1072,3. حطبة,9.3,Restaurant,$$$
1073,4. LPM,9.3,French,$$
1074,5. Farroug Al Shifa Resturant,9.3,Shawarma Restaurant,$
1075,6. Entrecôte Café de Paris,9.3,Swiss,$$
1076,7. Oakberry Açai,9.3,Vegan and Vegetarian Restaurant,$$$$
1077,8. DUNKIN' DONUTS,9.3,Donuts,$$
1078,9. Armin,9.2,Mediterranean,$
1079,10. Marble Cuisine,9.2,Steakhouse,$
1080,11. Yawmiyat,9.1,Lebanese,$
1081,12. LA RUSTICA Pizzeria,9.1,Pizza,$
1082,13. بوفية دار الصباح,9.1,Breakfast,$$$$
1083,14. كبدة سعد,9.1,Breakfast,$
1084,15. Yogi,9.1,Sandwich Spot,$
1085,16. دوّار السّعادة,9.1,Buffet,$$$
1086,17. TRIESTE,9.1,Café,$
1087,18. Villa Fayrouz,9.0,Restaurant,$$$
1088,19. PORTERHOUSE,9.0,Steakhouse,$$
1089,20. ‏Ajam Coffee,9.0,Café,$
1090,21. Urth caffé,9.0,Food Court,$$
1091,22. Sahaeb Taiba,9.0,Bakery,$
1092,1. Al Mamlaka Social Dining,9.5,Food Court,$
1093,2. Easy Bakery,9.5,Bakery,$$$
1094,3. حطبة,9.3,Restaurant,$$$
1095,4. LPM,9.3,French,$$
1096,5. Farroug Al Shifa Resturant,9.3,Shawarma Restaurant,$
1097,6. Entrecôte Café de Paris,9.3,Swiss,$$
1098,7. Oakberry Açai,9.3,Vegan and Vegetarian Restaurant,$$$$
1099,8. DUNKIN' DONUTS,9.3,Donuts,$$
1100,9. Armin,9.2,Mediterranean,$
1101,10. Marble Cuisine,9.2,Steakhouse,$
1102,11. Yawmiyat,9.1,Lebanese,$
1103,12. LA RUSTICA Pizzeria,9.1,Pizza,$
1104,13. بوفية دار الصباح,9.1,Breakfast,$$$$
1105,14. كبدة سعد,9.1,Breakfast,$
1106,15. Yogi,9.1,Sandwich Spot,$
1107,16. دوّار السّعادة,9.1,Buffet,$$$
1108,17. TRIESTE,9.1,Café,$
1109,18. Villa Fayrouz,9.0,Restaurant,$$$
1110,19. PORTERHOUSE,9.0,Steakhouse,$$
1111,20. ‏Ajam Coffee,9.0,Café,$
1112,21. Urth caffé,9.0,Food Court,$$
1113,22. Sahaeb Taiba,9.0,Bakery,$
1114,1. Al Mamlaka Social Dining,9.5,Food Court,$
1115,2. Easy Bakery,9.5,Bakery,$$$
1116,3. حطبة,9.3,Restaurant,$$$
1117,4. LPM,9.3,French,$$
1118,5. Farroug Al Shifa Resturant,9.3,Shawarma Restaurant,$
1119,6. Entrecôte Café de Paris,9.3,Swiss,$$
1120,7. Oakberry Açai,9.3,Vegan and Vegetarian Restaurant,$$$$
1121,8. DUNKIN' DONUTS,9.3,Donuts,$$
1122,9. Armin,9.2,Mediterranean,$
1123,10. Marble Cuisine,9.2,Steakhouse,$
1124,11. Yawmiyat,9.1,Lebanese,$
1125,12. LA RUSTICA Pizzeria,9.1,Pizza,$
1126,13. بوفية دار الصباح,9.1,Breakfast,$$$$
1127,14. كبدة سعد,9.1,Breakfast,$
1128,15. Yogi,9.1,Sandwich Spot,$
1129,16. دوّار السّعادة,9.1,Buffet,$$$
1130,17. TRIESTE,9.1,Café,$
1131,18. Villa Fayrouz,9.0,Restaurant,$$$
1132,19. PORTERHOUSE,9.0,Steakhouse,$$
1133,20. ‏Ajam Coffee,9.0,Café,$
1134,21. Urth caffé,9.0,Food Court,$$
1135,22. Sahaeb Taiba,9.0,Bakery,$
1136,1. Al Mamlaka Social Dining,9.5,Food Court,$
1137,2. Easy Bakery,9.5,Bakery,$$$
1138,3. حطبة,9.3,Restaurant,$$$
1139,4. LPM,9.3,French,$$
1140,5. Farroug Al Shifa Resturant,9.3,Shawarma Restaurant,$
1141,6. Entrecôte Café de Paris,9.3,Swiss,$$
1142,7. Oakberry Açai,9.3,Vegan and Vegetarian Restaurant,$$$$
1143,8. DUNKIN' DONUTS,9.3,Donuts,$$
1144,9. Armin,9.2,Mediterranean,$
1145,10. Marble Cuisine,9.2,Steakhouse,$
1146,11. Yawmiyat,9.1,Lebanese,$
1147,12. LA RUSTICA Pizzeria,9.1,Pizza,$
1148,13. بوفية دار الصباح,9.1,Breakfast,$$$$
1149,14. كبدة سعد,9.1,Breakfast,$
1150,15. Yogi,9.1,Sandwich Spot,$
1151,16. دوّار السّعادة,9.1,Buffet,$$$
1152,17. TRIESTE,9.1,Café,$
1153,18. Villa Fayrouz,9.0,Restaurant,$$$
1154,19. PORTERHOUSE,9.0,Steakhouse,$$
1155,20. ‏Ajam Coffee,9.0,Café,$
1156,21. Urth caffé,9.0,Food Court,$$
1157,22. Sahaeb Taiba,9.0,Bakery,$
1158,1. Al Mamlaka Social Dining,9.5,Food Court,$
1159,2. Easy Bakery,9.5,Bakery,$$$
1160,3. حطبة,9.3,Restaurant,$$$
1161,4. LPM,9.3,French,$$
1162,5. Farroug Al Shifa Resturant,9.3,Shawarma Restaurant,$
1163,6. Entrecôte Café de Paris,9.3,Swiss,$$
1164,7. Oakberry Açai,9.3,Vegan and Vegetarian Restaurant,$$$$
1165,8. DUNKIN' DONUTS,9.3,Donuts,$$
1166,9. Armin,9.2,Mediterranean,$
1167,10. Marble Cuisine,9.2,Steakhouse,$
1168,11. Yawmiyat,9.1,Lebanese,$
1169,12. LA RUSTICA Pizzeria,9.1,Pizza,$
1170,13. بوفية دار الصباح,9.1,Breakfast,$$$$
1171,14. كبدة سعد,9.1,Breakfast,$
1172,15. Yogi,9.1,Sandwich Spot,$
1173,16. دوّار السّعادة,9.1,Buffet,$$$
1174,17. TRIESTE,9.1,Café,$
1175,18. Villa Fayrouz,9.0,Restaurant,$$$
1176,19. PORTERHOUSE,9.0,Steakhouse,$$
1177,20. ‏Ajam Coffee,9.0,Café,$
1178,21. Urth caffé,9.0,Food Court,$$
1179,22. Sahaeb Taiba,9.0,Bakery,$
1180,1. Al Mamlaka Social Dining,9.5,Food Court,$
1181,2. Easy Bakery,9.5,Bakery,$$$
1182,3. حطبة,9.3,Restaurant,$$$
1183,4. LPM,9.3,French,$$
1184,5. Farroug Al Shifa Resturant,9.3,Shawarma Restaurant,$
1185,6. Entrecôte Café de Paris,9.3,Swiss,$$
1186,7. Oakberry Açai,9.3,Vegan and Vegetarian Restaurant,$$$$
1187,8. DUNKIN' DONUTS,9.3,Donuts,$$
1188,9. Armin,9.2,Mediterranean,$
1189,10. Marble Cuisine,9.2,Steakhouse,$
1190,11. Yawmiyat,9.1,Lebanese,$
1191,12. LA RUSTICA Pizzeria,9.1,Pizza,$
1192,13. بوفية دار الصباح,9.1,Breakfast,$$$$
1193,14. كبدة سعد,9.1,Breakfast,$
1194,15. Yogi,9.1,Sandwich Spot,$
1195,16. دوّار السّعادة,9.1,Buffet,$$$
1196,17. TRIESTE,9.1,Café,$
1197,18. Villa Fayrouz,9.0,Restaurant,$$$
1198,19. PORTERHOUSE,9.0,Steakhouse,$$
1199,20. ‏Ajam Coffee,9.0,Café,$
1200,21. Urth caffé,9.0,Food Court,$$
1201,22. Sahaeb Taiba,9.0,Bakery,$
1202,1. Al Mamlaka Social Dining,9.5,Food Court,$
1203,2. Easy Bakery,9.5,Bakery,$$$
1204,3. حطبة,9.3,Restaurant,$$$
1205,4. LPM,9.3,French,$$
1206,5. Farroug Al Shifa Resturant,9.3,Shawarma Restaurant,$
1207,6. Entrecôte Café de Paris,9.3,Swiss,$$
1208,7. Oakberry Açai,9.3,Vegan and Vegetarian Restaurant,$$$$
1209,8. DUNKIN' DONUTS,9.3,Donuts,$$
1210,9. Armin,9.2,Mediterranean,$
1211,10. Marble Cuisine,9.2,Steakhouse,$
1212,11. Yawmiyat,9.1,Lebanese,$
1213,12. LA RUSTICA Pizzeria,9.1,Pizza,$
1214,13. بوفية دار الصباح,9.1,Breakfast,$$$$
1215,14. كبدة سعد,9.1,Breakfast,$
1216,15. Yogi,9.1,Sandwich Spot,$
1217,16. دوّار السّعادة,9.1,Buffet,$$$
1218,17. TRIESTE,9.1,Café,$
1219,18. Villa Fayrouz,9.0,Restaurant,$$$
1220,19. PORTERHOUSE,9.0,Steakhouse,$$
1221,20. ‏Ajam Coffee,9.0,Café,$
1222,21. Urth caffé,9.0,Food Court,$$
1223,22. Sahaeb Taiba,9.0,Bakery,$
1224,1. Al Mamlaka Social Dining,9.5,Food Court,$
1225,2. Easy Bakery,9.5,Bakery,$$$
1226,3. حطبة,9.3,Restaurant,$$$
1227,4. LPM,9.3,French,$$
1228,5. Farroug Al Shifa Resturant,9.3,Shawarma Restaurant,$
1229,6. Entrecôte Café de Paris,9.3,Swiss,$$
1230,7. Oakberry Açai,9.3,Vegan and Vegetarian Restaurant,$$$$
1231,8. DUNKIN' DONUTS,9.3,Donuts,$$
1232,9. Armin,9.2,Mediterranean,$
1233,10. Marble Cuisine,9.2,Steakhouse,$
1234,11. Yawmiyat,9.1,Lebanese,$
1235,12. LA RUSTICA Pizzeria,9.1,Pizza,$
1236,13. بوفية دار الصباح,9.1,Breakfast,$$$$
1237,14. كبدة سعد,9.1,Breakfast,$
1238,15. Yogi,9.1,Sandwich Spot,$
1239,16. دوّار السّعادة,9.1,Buffet,$$$
1240,17. TRIESTE,9.1,Café,$
1241,18. Villa Fayrouz,9.0,Restaurant,$$$
1242,19. PORTERHOUSE,9.0,Steakhouse,$$
1243,20. ‏Ajam Coffee,9.0,Café,$
1244,21. Urth caffé,9.0,Food Court,$$
1245,22. Sahaeb Taiba,9.0,Bakery,$
1246,1. Al Mamlaka Social Dining,9.5,Food Court,$
1247,2. Easy Bakery,9.5,Bakery,$$$
1248,3. حطبة,9.3,Restaurant,$$$
1249,4. LPM,9.3,French,$$
1250,5. Farroug Al Shifa Resturant,9.3,Shawarma Restaurant,$
1251,6. Entrecôte Café de Paris,9.3,Swiss,$$
1252,7. Oakberry Açai,9.3,Vegan and Vegetarian Restaurant,$$$$
1253,8. DUNKIN' DONUTS,9.3,Donuts,$$
1254,9. Armin,9.2,Mediterranean,$
1255,10. Marble Cuisine,9.2,Steakhouse,$
1256,11. Yawmiyat,9.1,Lebanese,$
1257,12. LA RUSTICA Pizzeria,9.1,Pizza,$
1258,13. بوفية دار الصباح,9.1,Breakfast,$$$$
1259,14. كبدة سعد,9.1,Breakfast,$
1260,15. Yogi,9.1,Sandwich Spot,$
1261,16. دوّار السّعادة,9.1,Buffet,$$$
1262,17. TRIESTE,9.1,Café,$
1263,18. Villa Fayrouz,9.0,Restaurant,$$$
1264,19. PORTERHOUSE,9.0,Steakhouse,$$
1265,20. ‏Ajam Coffee,9.0,Café,$
1266,21. Urth caffé,9.0,Food Court,$$
1267,22. Sahaeb Taiba,9.0,Bakery,$
1268,1. Al Mamlaka Social Dining,9.5,Food Court,$
1269,2. Easy Bakery,9.5,Bakery,$$$
1270,3. حطبة,9.3,Restaurant,$$$
1271,4. LPM,9.3,French,$$
1272,5. Farroug Al Shifa Resturant,9.3,Shawarma Restaurant,$
1273,6. Entrecôte Café de Paris,9.3,Swiss,$$
1274,7. Oakberry Açai,9.3,Vegan and Vegetarian Restaurant,$$$$
1275,8. DUNKIN' DONUTS,9.3,Donuts,$$
1276,9. Armin,9.2,Mediterranean,$
1277,10. Marble Cuisine,9.2,Steakhouse,$
1278,11. Yawmiyat,9.1,Lebanese,$
1279,12. LA RUSTICA Pizzeria,9.1,Pizza,$
1280,13. بوفية دار الصباح,9.1,Breakfast,$$$$
1281,14. كبدة سعد,9.1,Breakfast,$
1282,15. Yogi,9.1,Sandwich Spot,$
1283,16. دوّار السّعادة,9.1,Buffet,$$$
1284,17. TRIESTE,9.1,Café,$
1285,18. Villa Fayrouz,9.0,Restaurant,$$$
1286,19. PORTERHOUSE,9.0,Steakhouse,$$
1287,20. ‏Ajam Coffee,9.0,Café,$
1288,21. Urth caffé,9.0,Food Court,$$
1289,22. Sahaeb Taiba,9.0,Bakery,$
1290,1. Knoll Coffee Roasters,9.6,Café,$
1291,2. Plenty Sld’s,9.6,Salad,$
1292,3. شاهي ابو وليد,9.5,Café,$
1293,4. The Sift,9.5,Bakery,$
1294,5. Unsörso Cafè,9.4,Café,$
1295,6. Fabrica De Cafe,9.4,Café,$
1296,7. دوّار السّعادة,9.4,Breakfast,$
1297,8. McDonald's,9.4,Fast Food,$
1298,9. The60Pasta,9.4,Food Truck,$
1299,10. فوال الافراح,9.4,Breakfast,$
1300,11. Dopeamine,9.4,Bakery,$
1301,12. أسماك دلة,9.4,Seafood,$$$
1302,13. Lavash,9.3,Armenian,$
1303,14. Gimme Salad,9.3,Salad,$$
1304,15. The Cheesecake Factory,9.3,American,$
1305,16. بوفيه الموائد الفاخره,9.3,Breakfast,$$
1306,17. مطعم الحمراء البخاري,9.2,Middle Eastern,$
1307,18. Red Box,9.2,Restaurant,$$
1308,19. Shwkat,9.2,Sandwich Spot,$
1309,20. Tokyo,9.2,Japanese,$
1310,21. White Cafe,9.2,Café,$
1311,22. Al Hatab Bakery,9.2,Bakery,$
1312,23. TOASTABLE,9.2,Sandwich Spot,$
1313,24. Baōdo,9.2,Burgers,$
1314,25. MP Sandwich,9.2,Sandwich Spot,$
1315,26. SORS,9.1,Bakery,$$
1316,27. Two Things Bakery,9.1,Bakery,$
1317,28. Kuuru,9.1,Japanese,$
1318,1. Knoll Coffee Roasters,9.6,Café,$
1319,2. Plenty Sld’s,9.6,Salad,$
1320,3. شاهي ابو وليد,9.5,Café,$
1321,4. The Sift,9.5,Bakery,$
1322,5. Unsörso Cafè,9.4,Café,$
1323,6. Fabrica De Cafe,9.4,Café,$
1324,7. دوّار السّعادة,9.4,Breakfast,$
1325,8. McDonald's,9.4,Fast Food,$
1326,9. The60Pasta,9.4,Food Truck,$
1327,10. فوال الافراح,9.4,Breakfast,$
1328,11. Dopeamine,9.4,Bakery,$
1329,12. أسماك دلة,9.4,Seafood,$$$
1330,13. Lavash,9.3,Armenian,$
1331,14. Gimme Salad,9.3,Salad,$$
1332,15. The Cheesecake Factory,9.3,American,$
1333,16. بوفيه الموائد الفاخره,9.3,Breakfast,$$
1334,17. مطعم الحمراء البخاري,9.2,Middle Eastern,$
1335,18. Red Box,9.2,Restaurant,$$
1336,19. Shwkat,9.2,Sandwich Spot,$
1337,20. Tokyo,9.2,Japanese,$
1338,21. White Cafe,9.2,Café,$
1339,22. Al Hatab Bakery,9.2,Bakery,$
1340,23. TOASTABLE,9.2,Sandwich Spot,$
1341,24. Baōdo,9.2,Burgers,$
1342,25. MP Sandwich,9.2,Sandwich Spot,$
1343,26. SORS,9.1,Bakery,$$
1344,27. Two Things Bakery,9.1,Bakery,$
1345,28. Kuuru,9.1,Japanese,$
1346,1. Knoll Coffee Roasters,9.6,Café,$
1347,2. Plenty Sld’s,9.6,Salad,$
1348,3. شاهي ابو وليد,9.5,Café,$
1349,4. The Sift,9.5,Bakery,$
1350,5. Unsörso Cafè,9.4,Café,$
1351,6. Fabrica De Cafe,9.4,Café,$
1352,7. دوّار السّعادة,9.4,Breakfast,$
1353,8. McDonald's,9.4,Fast Food,$
1354,9. The60Pasta,9.4,Food Truck,$
1355,10. فوال الافراح,9.4,Breakfast,$
1356,11. Dopeamine,9.4,Bakery,$
1357,12. أسماك دلة,9.4,Seafood,$$$
1358,13. Lavash,9.3,Armenian,$
1359,14. Gimme Salad,9.3,Salad,$$
1360,15. The Cheesecake Factory,9.3,American,$
1361,16. بوفيه الموائد الفاخره,9.3,Breakfast,$$
1362,17. مطعم الحمراء البخاري,9.2,Middle Eastern,$
1363,18. Red Box,9.2,Restaurant,$$
1364,19. Shwkat,9.2,Sandwich Spot,$
1365,20. Tokyo,9.2,Japanese,$
1366,21. White Cafe,9.2,Café,$
1367,22. Al Hatab Bakery,9.2,Bakery,$
1368,23. TOASTABLE,9.2,Sandwich Spot,$
1369,24. Baōdo,9.2,Burgers,$
1370,25. MP Sandwich,9.2,Sandwich Spot,$
1371,26. SORS,9.1,Bakery,$$
1372,27. Two Things Bakery,9.1,Bakery,$
1373,28. Kuuru,9.1,Japanese,$
1374,1. Knoll Coffee Roasters,9.6,Café,$
1375,2. Plenty Sld’s,9.6,Salad,$
1376,3. شاهي ابو وليد,9.5,Café,$
1377,4. The Sift,9.5,Bakery,$
1378,5. Unsörso Cafè,9.4,Café,$
1379,6. Fabrica De Cafe,9.4,Café,$
1380,7. دوّار السّعادة,9.4,Breakfast,$
1381,8. McDonald's,9.4,Fast Food,$
1382,9. The60Pasta,9.4,Food Truck,$
1383,10. فوال الافراح,9.4,Breakfast,$
1384,11. Dopeamine,9.4,Bakery,$
1385,12. أسماك دلة,9.4,Seafood,$$$
1386,13. Lavash,9.3,Armenian,$
1387,14. Gimme Salad,9.3,Salad,$$
1388,15. The Cheesecake Factory,9.3,American,$
1389,16. بوفيه الموائد الفاخره,9.3,Breakfast,$$
1390,17. مطعم الحمراء البخاري,9.2,Middle Eastern,$
1391,18. Red Box,9.2,Restaurant,$$
1392,19. Shwkat,9.2,Sandwich Spot,$
1393,20. Tokyo,9.2,Japanese,$
1394,21. White Cafe,9.2,Café,$
1395,22. Al Hatab Bakery,9.2,Bakery,$
1396,23. TOASTABLE,9.2,Sandwich Spot,$
1397,24. Baōdo,9.2,Burgers,$
1398,25. MP Sandwich,9.2,Sandwich Spot,$
1399,26. SORS,9.1,Bakery,$$
1400,27. Two Things Bakery,9.1,Bakery,$
1401,28. Kuuru,9.1,Japanese,$
1402,1. Knoll Coffee Roasters,9.6,Café,$
1403,2. Plenty Sld’s,9.6,Salad,$
1404,3. شاهي ابو وليد,9.5,Café,$
1405,4. The Sift,9.5,Bakery,$
1406,5. Unsörso Cafè,9.4,Café,$
1407,6. Fabrica De Cafe,9.4,Café,$
1408,7. دوّار السّعادة,9.4,Breakfast,$
1409,8. McDonald's,9.4,Fast Food,$
1410,9. The60Pasta,9.4,Food Truck,$
1411,10. فوال الافراح,9.4,Breakfast,$
1412,11. Dopeamine,9.4,Bakery,$
1413,12. أسماك دلة,9.4,Seafood,$$$
1414,13. Lavash,9.3,Armenian,$
1415,14. Gimme Salad,9.3,Salad,$$
1416,15. The Cheesecake Factory,9.3,American,$
1417,16. بوفيه الموائد الفاخره,9.3,Breakfast,$$
1418,17. مطعم الحمراء البخاري,9.2,Middle Eastern,$
1419,18. Red Box,9.2,Restaurant,$$
1420,19. Shwkat,9.2,Sandwich Spot,$
1421,20. Tokyo,9.2,Japanese,$
1422,21. White Cafe,9.2,Café,$
1423,22. Al Hatab Bakery,9.2,Bakery,$
1424,23. TOASTABLE,9.2,Sandwich Spot,$
1425,24. Baōdo,9.2,Burgers,$
1426,25. MP Sandwich,9.2,Sandwich Spot,$
1427,26. SORS,9.1,Bakery,$$
1428,27. Two Things Bakery,9.1,Bakery,$
1429,28. Kuuru,9.1,Japanese,$
1430,1. Knoll Coffee Roasters,9.6,Café,$
1431,2. Plenty Sld’s,9.6,Salad,$
1432,3. شاهي ابو وليد,9.5,Café,$
1433,4. The Sift,9.5,Bakery,$
1434,5. Unsörso Cafè,9.4,Café,$
1435,6. Fabrica De Cafe,9.4,Café,$
1436,7. دوّار السّعادة,9.4,Breakfast,$
1437,8. McDonald's,9.4,Fast Food,$
1438,9. The60Pasta,9.4,Food Truck,$
1439,10. فوال الافراح,9.4,Breakfast,$
1440,11. Dopeamine,9.4,Bakery,$
1441,12. أسماك دلة,9.4,Seafood,$$$
1442,13. Lavash,9.3,Armenian,$
1443,14. Gimme Salad,9.3,Salad,$$
1444,15. The Cheesecake Factory,9.3,American,$
1445,16. بوفيه الموائد الفاخره,9.3,Breakfast,$$
1446,17. مطعم الحمراء البخاري,9.2,Middle Eastern,$
1447,18. Red Box,9.2,Restaurant,$$
1448,19. Shwkat,9.2,Sandwich Spot,$
1449,20. Tokyo,9.2,Japanese,$
1450,21. White Cafe,9.2,Café,$
1451,22. Al Hatab Bakery,9.2,Bakery,$
1452,23. TOASTABLE,9.2,Sandwich Spot,$
1453,24. Baōdo,9.2,Burgers,$
1454,25. MP Sandwich,9.2,Sandwich Spot,$
1455,26. SORS,9.1,Bakery,$$
1456,27. Two Things Bakery,9.1,Bakery,$
1457,28. Kuuru,9.1,Japanese,$
1458,1. Knoll Coffee Roasters,9.6,Café,$
1459,2. Plenty Sld’s,9.6,Salad,$
1460,3. شاهي ابو وليد,9.5,Café,$
1461,4. The Sift,9.5,Bakery,$
1462,5. Unsörso Cafè,9.4,Café,$
1463,6. Fabrica De Cafe,9.4,Café,$
1464,7. دوّار السّعادة,9.4,Breakfast,$
1465,8. McDonald's,9.4,Fast Food,$
1466,9. The60Pasta,9.4,Food Truck,$
1467,10. فوال الافراح,9.4,Breakfast,$
1468,11. Dopeamine,9.4,Bakery,$
1469,12. أسماك دلة,9.4,Seafood,$$$
1470,13. Lavash,9.3,Armenian,$
1471,14. Gimme Salad,9.3,Salad,$$
1472,15. The Cheesecake Factory,9.3,American,$
1473,16. بوفيه الموائد الفاخره,9.3,Breakfast,$$
1474,17. مطعم الحمراء البخاري,9.2,Middle Eastern,$
1475,18. Red Box,9.2,Restaurant,$$
1476,19. Shwkat,9.2,Sandwich Spot,$
1477,20. Tokyo,9.2,Japanese,$
1478,21. White Cafe,9.2,Café,$
1479,22. Al Hatab Bakery,9.2,Bakery,$
1480,23. TOASTABLE,9.2,Sandwich Spot,$
1481,24. Baōdo,9.2,Burgers,$
1482,25. MP Sandwich,9.2,Sandwich Spot,$
1483,26. SORS,9.1,Bakery,$$
1484,27. Two Things Bakery,9.1,Bakery,$
1485,28. Kuuru,9.1,Japanese,$
1486,1. Knoll Coffee Roasters,9.6,Café,$
1487,2. Plenty Sld’s,9.6,Salad,$
1488,3. شاهي ابو وليد,9.5,Café,$
1489,4. The Sift,9.5,Bakery,$
1490,5. Unsörso Cafè,9.4,Café,$
1491,6. Fabrica De Cafe,9.4,Café,$
1492,7. دوّار السّعادة,9.4,Breakfast,$
1493,8. McDonald's,9.4,Fast Food,$
1494,9. The60Pasta,9.4,Food Truck,$
1495,10. فوال الافراح,9.4,Breakfast,$
1496,11. Dopeamine,9.4,Bakery,$
1497,12. أسماك دلة,9.4,Seafood,$$$
1498,13. Lavash,9.3,Armenian,$
1499,14. Gimme Salad,9.3,Salad,$$
1500,15. The Cheesecake Factory,9.3,American,$
1501,16. بوفيه الموائد الفاخره,9.3,Breakfast,$$
1502,17. مطعم الحمراء البخاري,9.2,Middle Eastern,$
1503,18. Red Box,9.2,Restaurant,$$
1504,19. Shwkat,9.2,Sandwich Spot,$
1505,20. Tokyo,9.2,Japanese,$
1506,21. White Cafe,9.2,Café,$
1507,22. Al Hatab Bakery,9.2,Bakery,$
1508,23. TOASTABLE,9.2,Sandwich Spot,$
1509,24. Baōdo,9.2,Burgers,$
1510,25. MP Sandwich,9.2,Sandwich Spot,$
1511,26. SORS,9.1,Bakery,$$
1512,27. Two Things Bakery,9.1,Bakery,$
1513,28. Kuuru,9.1,Japanese,$
1514,1. Knoll Coffee Roasters,9.6,Café,$
1515,2. Plenty Sld’s,9.6,Salad,$
1516,3. شاهي ابو وليد,9.5,Café,$
1517,4. The Sift,9.5,Bakery,$
1518,5. Unsörso Cafè,9.4,Café,$
1519,6. Fabrica De Cafe,9.4,Café,$
1520,7. دوّار السّعادة,9.4,Breakfast,$
1521,8. McDonald's,9.4,Fast Food,$
1522,9. The60Pasta,9.4,Food Truck,$
1523,10. فوال الافراح,9.4,Breakfast,$
1524,11. Dopeamine,9.4,Bakery,$
1525,12. أسماك دلة,9.4,Seafood,$$$
1526,13. Lavash,9.3,Armenian,$
1527,14. Gimme Salad,9.3,Salad,$$
1528,15. The Cheesecake Factory,9.3,American,$
1529,16. بوفيه الموائد الفاخره,9.3,Breakfast,$$
1530,17. مطعم الحمراء البخاري,9.2,Middle Eastern,$
1531,18. Red Box,9.2,Restaurant,$$
1532,19. Shwkat,9.2,Sandwich Spot,$
1533,20. Tokyo,9.2,Japanese,$
1534,21. White Cafe,9.2,Café,$
1535,22. Al Hatab Bakery,9.2,Bakery,$
1536,23. TOASTABLE,9.2,Sandwich Spot,$
1537,24. Baōdo,9.2,Burgers,$
1538,25. MP Sandwich,9.2,Sandwich Spot,$
1539,26. SORS,9.1,Bakery,$$
1540,27. Two Things Bakery,9.1,Bakery,$
1541,28. Kuuru,9.1,Japanese,$
1542,1. Knoll Coffee Roasters,9.6,Café,$
1543,2. Plenty Sld’s,9.6,Salad,$
1544,3. شاهي ابو وليد,9.5,Café,$
1545,4. The Sift,9.5,Bakery,$
1546,5. Unsörso Cafè,9.4,Café,$
1547,6. Fabrica De Cafe,9.4,Café,$
1548,7. دوّار السّعادة,9.4,Breakfast,$
1549,8. McDonald's,9.4,Fast Food,$
1550,9. The60Pasta,9.4,Food Truck,$
1551,10. فوال الافراح,9.4,Breakfast,$
1552,11. Dopeamine,9.4,Bakery,$
1553,12. أسماك دلة,9.4,Seafood,$$$
1554,13. Lavash,9.3,Armenian,$
1555,14. Gimme Salad,9.3,Salad,$$
1556,15. The Cheesecake Factory,9.3,American,$
1557,16. بوفيه الموائد الفاخره,9.3,Breakfast,$$
1558,17. مطعم الحمراء البخاري,9.2,Middle Eastern,$
1559,18. Red Box,9.2,Restaurant,$$
1560,19. Shwkat,9.2,Sandwich Spot,$
1561,20. Tokyo,9.2,Japanese,$
1562,21. White Cafe,9.2,Café,$
1563,22. Al Hatab Bakery,9.2,Bakery,$
1564,23. TOASTABLE,9.2,Sandwich Spot,$
1565,24. Baōdo,9.2,Burgers,$
1566,25. MP Sandwich,9.2,Sandwich Spot,$
1567,26. SORS,9.1,Bakery,$$
1568,27. Two Things Bakery,9.1,Bakery,$
1569,28. Kuuru,9.1,Japanese,$
1570,1. OREGANO PIZZERIA,9.3,Pizza,$
1571,2. Mama Noura,9.3,Shawarma Restaurant,$$
1572,3. بيراديز للمأكولات الهنديه | Peradiz,9.2,Indian,$
1573,4. Al Hatab Bakery,9.1,Bakery,$$
1574,5. La Casa Pasta,9.1,Italian,$$
1575,6. HATABA,9.0,BBQ,$
1576,7. Dunkin' Donuts,9.0,Donuts,$
1577,8. اسطا عاصم Usta asim,9.0,Shawarma Restaurant,$
1578,9. McDonald’s,9.0,Fast Food,$
1579,10. Al Hatab Bakery,9.0,Bakery,$
1580,11. Dunkin' Donuts,9.0,Donuts,$
1581,1. OREGANO PIZZERIA,9.3,Pizza,$
1582,2. Mama Noura,9.3,Shawarma Restaurant,$$
1583,3. بيراديز للمأكولات الهنديه | Peradiz,9.2,Indian,$
1584,4. Al Hatab Bakery,9.1,Bakery,$$
1585,5. La Casa Pasta,9.1,Italian,$$
1586,6. HATABA,9.0,BBQ,$
1587,7. Dunkin' Donuts,9.0,Donuts,$
1588,8. اسطا عاصم Usta asim,9.0,Shawarma Restaurant,$
1589,9. McDonald’s,9.0,Fast Food,$
1590,10. Al Hatab Bakery,9.0,Bakery,$
1591,11. Dunkin' Donuts,9.0,Donuts,$
1592,1. OREGANO PIZZERIA,9.3,Pizza,$
1593,2. Mama Noura,9.3,Shawarma Restaurant,$$
1594,3. بيراديز للمأكولات الهنديه | Peradiz,9.2,Indian,$
1595,4. Al Hatab Bakery,9.1,Bakery,$$
1596,5. La Casa Pasta,9.1,Italian,$$
1597,6. HATABA,9.0,BBQ,$
1598,7. Dunkin' Donuts,9.0,Donuts,$
1599,8. اسطا عاصم Usta asim,9.0,Shawarma Restaurant,$
1600,9. McDonald’s,9.0,Fast Food,$
1601,10. Al Hatab Bakery,9.0,Bakery,$
1602,11. Dunkin' Donuts,9.0,Donuts,$
1603,1. OREGANO PIZZERIA,9.3,Pizza,$
1604,2. Mama Noura,9.3,Shawarma Restaurant,$$
1605,3. بيراديز للمأكولات الهنديه | Peradiz,9.2,Indian,$
1606,4. Al Hatab Bakery,9.1,Bakery,$$
1607,5. La Casa Pasta,9.1,Italian,$$
1608,6. HATABA,9.0,BBQ,$
1609,7. Dunkin' Donuts,9.0,Donuts,$
1610,8. اسطا عاصم Usta asim,9.0,Shawarma Restaurant,$
1611,9. McDonald’s,9.0,Fast Food,$
1612,10. Al Hatab Bakery,9.0,Bakery,$
1613,11. Dunkin' Donuts,9.0,Donuts,$
1614,1. OREGANO PIZZERIA,9.3,Pizza,$
1615,2. Mama Noura,9.3,Shawarma Restaurant,$$
1616,3. بيراديز للمأكولات الهنديه | Peradiz,9.2,Indian,$
1617,4. Al Hatab Bakery,9.1,Bakery,$$
1618,5. La Casa Pasta,9.1,Italian,$$
1619,6. HATABA,9.0,BBQ,$
1620,7. Dunkin' Donuts,9.0,Donuts,$
1621,8. اسطا عاصم Usta asim,9.0,Shawarma Restaurant,$
1622,9. McDonald’s,9.0,Fast Food,$
1623,10. Al Hatab Bakery,9.0,Bakery,$
1624,11. Dunkin' Donuts,9.0,Donuts,$
1625,1. OREGANO PIZZERIA,9.3,Pizza,$
1626,2. Mama Noura,9.3,Shawarma Restaurant,$$
1627,3. بيراديز للمأكولات الهنديه | Peradiz,9.2,Indian,$
1628,4. Al Hatab Bakery,9.1,Bakery,$$
1629,5. La Casa Pasta,9.1,Italian,$$
1630,6. HATABA,9.0,BBQ,$
1631,7. Dunkin' Donuts,9.0,Donuts,$
1632,8. اسطا عاصم Usta asim,9.0,Shawarma Restaurant,$
1633,9. McDonald’s,9.0,Fast Food,$
1634,10. Al Hatab Bakery,9.0,Bakery,$
1635,11. Dunkin' Donuts,9.0,Donuts,$
1636,1. OREGANO PIZZERIA,9.3,Pizza,$
1637,2. Mama Noura,9.3,Shawarma Restaurant,$$
1638,3. بيراديز للمأكولات الهنديه | Peradiz,9.2,Indian,$
1639,4. Al Hatab Bakery,9.1,Bakery,$$
1640,5. La Casa Pasta,9.1,Italian,$$
1641,6. HATABA,9.0,BBQ,$
1642,7. Dunkin' Donuts,9.0,Donuts,$
1643,8. اسطا عاصم Usta asim,9.0,Shawarma Restaurant,$
1644,9. McDonald’s,9.0,Fast Food,$
1645,10. Al Hatab Bakery,9.0,Bakery,$
1646,11. Dunkin' Donuts,9.0,Donuts,$
1647,1. OREGANO PIZZERIA,9.3,Pizza,$
1648,2. Mama Noura,9.3,Shawarma Restaurant,$$
1649,3. بيراديز للمأكولات الهنديه | Peradiz,9.2,Indian,$
1650,4. Al Hatab Bakery,9.1,Bakery,$$
1651,5. La Casa Pasta,9.1,Italian,$$
1652,6. HATABA,9.0,BBQ,$
1653,7. Dunkin' Donuts,9.0,Donuts,$
1654,8. اسطا عاصم Usta asim,9.0,Shawarma Restaurant,$
1655,9. McDonald’s,9.0,Fast Food,$
1656,10. Al Hatab Bakery,9.0,Bakery,$
1657,11. Dunkin' Donuts,9.0,Donuts,$
1658,1. OREGANO PIZZERIA,9.3,Pizza,$
1659,2. Mama Noura,9.3,Shawarma Restaurant,$$
1660,3. بيراديز للمأكولات الهنديه | Peradiz,9.2,Indian,$
1661,4. Al Hatab Bakery,9.1,Bakery,$$
1662,5. La Casa Pasta,9.1,Italian,$$
1663,6. HATABA,9.0,BBQ,$
1664,7. Dunkin' Donuts,9.0,Donuts,$
1665,8. اسطا عاصم Usta asim,9.0,Shawarma Restaurant,$
1666,9. McDonald’s,9.0,Fast Food,$
1667,10. Al Hatab Bakery,9.0,Bakery,$
1668,11. Dunkin' Donuts,9.0,Donuts,$
1669,1. OREGANO PIZZERIA,9.3,Pizza,$
1670,2. Mama Noura,9.3,Shawarma Restaurant,$$
1671,3. بيراديز للمأكولات الهنديه | Peradiz,9.2,Indian,$
1672,4. Al Hatab Bakery,9.1,Bakery,$$
1673,5. La Casa Pasta,9.1,Italian,$$
1674,6. HATABA,9.0,BBQ,$
1675,7. Dunkin' Donuts,9.0,Donuts,$
1676,8. اسطا عاصم Usta asim,9.0,Shawarma Restaurant,$
1677,9. McDonald’s,9.0,Fast Food,$
1678,10. Al Hatab Bakery,9.0,Bakery,$
1679,11. Dunkin' Donuts,9.0,Donuts,$
1680,1. The California Burger,9.4,Burgers,$
1681,2. LPM,9.3,French,$$$
1682,3. Myazū,9.3,Japanese,$$$$
1683,4. Boga Superfoods,9.2,Sandwich Spot,$
1684,5. Signor Sassi,9.2,Italian,$$
1685,6. BLANCA,9.2,Pizza,$
1686,7. Flour & Firewood,9.2,Bakery,$
1687,8. مقصف Muqsaf 90,9.2,Breakfast,$
1688,9. Fawal Alafrah,9.1,Breakfast,$
1689,10. FISHFACE,9.1,Poke Restaurant,$$
1690,11. LA RUSTICA Pizzeria,9.1,Pizza,$$
1691,12. San Carlo Cicchetti,9.1,Italian,$
1692,13. Urth Caffé,9.1,Café,$$
1693,14. BACO,9.1,Asian,$
1694,15. TRIESTE,9.1,Café,$$$$
1695,16. PORTERHOUSE,9.0,Steakhouse,$
1696,17. ‏Ajam Coffee,9.0,Café,$
1697,18. Urth caffé,9.0,Food Court,$$$
1698,19. WAGYU,9.0,Burgers,$$
1699,20. Fuchsia,9.0,Armenian,$
1700,21. Burj Al Hamam Bistro,9.0,Lebanese,$
1701,22. Burger Boutique,9.0,Burgers,$
1702,23. Aleppo,9.0,Middle Eastern,$
1703,1. The California Burger,9.4,Burgers,$
1704,2. LPM,9.3,French,$$$
1705,3. Myazū,9.3,Japanese,$$$$
1706,4. Boga Superfoods,9.2,Sandwich Spot,$
1707,5. Signor Sassi,9.2,Italian,$$
1708,6. BLANCA,9.2,Pizza,$
1709,7. Flour & Firewood,9.2,Bakery,$
1710,8. مقصف Muqsaf 90,9.2,Breakfast,$
1711,9. Fawal Alafrah,9.1,Breakfast,$
1712,10. FISHFACE,9.1,Poke Restaurant,$$
1713,11. LA RUSTICA Pizzeria,9.1,Pizza,$$
1714,12. San Carlo Cicchetti,9.1,Italian,$
1715,13. Urth Caffé,9.1,Café,$$
1716,14. BACO,9.1,Asian,$
1717,15. TRIESTE,9.1,Café,$$$$
1718,16. PORTERHOUSE,9.0,Steakhouse,$
1719,17. ‏Ajam Coffee,9.0,Café,$
1720,18. Urth caffé,9.0,Food Court,$$$
1721,19. WAGYU,9.0,Burgers,$$
1722,20. Fuchsia,9.0,Armenian,$
1723,21. Burj Al Hamam Bistro,9.0,Lebanese,$
1724,22. Burger Boutique,9.0,Burgers,$
1725,23. Aleppo,9.0,Middle Eastern,$
1726,1. The California Burger,9.4,Burgers,$
1727,2. LPM,9.3,French,$$$
1728,3. Myazū,9.3,Japanese,$$$$
1729,4. Boga Superfoods,9.2,Sandwich Spot,$
1730,5. Signor Sassi,9.2,Italian,$$
1731,6. BLANCA,9.2,Pizza,$
1732,7. Flour & Firewood,9.2,Bakery,$
1733,8. مقصف Muqsaf 90,9.2,Breakfast,$
1734,9. Fawal Alafrah,9.1,Breakfast,$
1735,10. FISHFACE,9.1,Poke Restaurant,$$
1736,11. LA RUSTICA Pizzeria,9.1,Pizza,$$
1737,12. San Carlo Cicchetti,9.1,Italian,$
1738,13. Urth Caffé,9.1,Café,$$
1739,14. BACO,9.1,Asian,$
1740,15. TRIESTE,9.1,Café,$$$$
1741,16. PORTERHOUSE,9.0,Steakhouse,$
1742,17. ‏Ajam Coffee,9.0,Café,$
1743,18. Urth caffé,9.0,Food Court,$$$
1744,19. WAGYU,9.0,Burgers,$$
1745,20. Fuchsia,9.0,Armenian,$
1746,21. Burj Al Hamam Bistro,9.0,Lebanese,$
1747,22. Burger Boutique,9.0,Burgers,$
1748,23. Aleppo,9.0,Middle Eastern,$
1749,1. The California Burger,9.4,Burgers,$
1750,2. LPM,9.3,French,$$$
1751,3. Myazū,9.3,Japanese,$$$$
1752,4. Boga Superfoods,9.2,Sandwich Spot,$
1753,5. Signor Sassi,9.2,Italian,$$
1754,6. BLANCA,9.2,Pizza,$
1755,7. Flour & Firewood,9.2,Bakery,$
1756,8. مقصف Muqsaf 90,9.2,Breakfast,$
1757,9. Fawal Alafrah,9.1,Breakfast,$
1758,10. FISHFACE,9.1,Poke Restaurant,$$
1759,11. LA RUSTICA Pizzeria,9.1,Pizza,$$
1760,12. San Carlo Cicchetti,9.1,Italian,$
1761,13. Urth Caffé,9.1,Café,$$
1762,14. BACO,9.1,Asian,$
1763,15. TRIESTE,9.1,Café,$$$$
1764,16. PORTERHOUSE,9.0,Steakhouse,$
1765,17. ‏Ajam Coffee,9.0,Café,$
1766,18. Urth caffé,9.0,Food Court,$$$
1767,19. WAGYU,9.0,Burgers,$$
1768,20. Fuchsia,9.0,Armenian,$
1769,21. Burj Al Hamam Bistro,9.0,Lebanese,$
1770,22. Burger Boutique,9.0,Burgers,$
1771,23. Aleppo,9.0,Middle Eastern,$
1772,1. The California Burger,9.4,Burgers,$
1773,2. LPM,9.3,French,$$$
1774,3. Myazū,9.3,Japanese,$$$$
1775,4. Boga Superfoods,9.2,Sandwich Spot,$
1776,5. Signor Sassi,9.2,Italian,$$
1777,6. BLANCA,9.2,Pizza,$
1778,7. Flour & Firewood,9.2,Bakery,$
1779,8. مقصف Muqsaf 90,9.2,Breakfast,$
1780,9. Fawal Alafrah,9.1,Breakfast,$
1781,10. FISHFACE,9.1,Poke Restaurant,$$
1782,11. LA RUSTICA Pizzeria,9.1,Pizza,$$
1783,12. San Carlo Cicchetti,9.1,Italian,$
1784,13. Urth Caffé,9.1,Café,$$
1785,14. BACO,9.1,Asian,$
1786,15. TRIESTE,9.1,Café,$$$$
1787,16. PORTERHOUSE,9.0,Steakhouse,$
1788,17. ‏Ajam Coffee,9.0,Café,$
1789,18. Urth caffé,9.0,Food Court,$$$
1790,19. WAGYU,9.0,Burgers,$$
1791,20. Fuchsia,9.0,Armenian,$
1792,21. Burj Al Hamam Bistro,9.0,Lebanese,$
1793,22. Burger Boutique,9.0,Burgers,$
1794,23. Aleppo,9.0,Middle Eastern,$
1795,1. The California Burger,9.4,Burgers,$
1796,2. LPM,9.3,French,$$$
1797,3. Myazū,9.3,Japanese,$$$$
1798,4. Boga Superfoods,9.2,Sandwich Spot,$
1799,5. Signor Sassi,9.2,Italian,$$
1800,6. BLANCA,9.2,Pizza,$
1801,7. Flour & Firewood,9.2,Bakery,$
1802,8. مقصف Muqsaf 90,9.2,Breakfast,$
1803,9. Fawal Alafrah,9.1,Breakfast,$
1804,10. FISHFACE,9.1,Poke Restaurant,$$
1805,11. LA RUSTICA Pizzeria,9.1,Pizza,$$
1806,12. San Carlo Cicchetti,9.1,Italian,$
1807,13. Urth Caffé,9.1,Café,$$
1808,14. BACO,9.1,Asian,$
1809,15. TRIESTE,9.1,Café,$$$$
1810,16. PORTERHOUSE,9.0,Steakhouse,$
1811,17. ‏Ajam Coffee,9.0,Café,$
1812,18. Urth caffé,9.0,Food Court,$$$
1813,19. WAGYU,9.0,Burgers,$$
1814,20. Fuchsia,9.0,Armenian,$
1815,21. Burj Al Hamam Bistro,9.0,Lebanese,$
1816,22. Burger Boutique,9.0,Burgers,$
1817,23. Aleppo,9.0,Middle Eastern,$
1818,1. The California Burger,9.4,Burgers,$
1819,2. LPM,9.3,French,$$$
1820,3. Myazū,9.3,Japanese,$$$$
1821,4. Boga Superfoods,9.2,Sandwich Spot,$
1822,5. Signor Sassi,9.2,Italian,$$
1823,6. BLANCA,9.2,Pizza,$
1824,7. Flour & Firewood,9.2,Bakery,$
1825,8. مقصف Muqsaf 90,9.2,Breakfast,$
1826,9. Fawal Alafrah,9.1,Breakfast,$
1827,10. FISHFACE,9.1,Poke Restaurant,$$
1828,11. LA RUSTICA Pizzeria,9.1,Pizza,$$
1829,12. San Carlo Cicchetti,9.1,Italian,$
1830,13. Urth Caffé,9.1,Café,$$
1831,14. BACO,9.1,Asian,$
1832,15. TRIESTE,9.1,Café,$$$$
1833,16. PORTERHOUSE,9.0,Steakhouse,$
1834,17. ‏Ajam Coffee,9.0,Café,$
1835,18. Urth caffé,9.0,Food Court,$$$
1836,19. WAGYU,9.0,Burgers,$$
1837,20. Fuchsia,9.0,Armenian,$
1838,21. Burj Al Hamam Bistro,9.0,Lebanese,$
1839,22. Burger Boutique,9.0,Burgers,$
1840,23. Aleppo,9.0,Middle Eastern,$
1841,1. The California Burger,9.4,Burgers,$
1842,2. LPM,9.3,French,$$$
1843,3. Myazū,9.3,Japanese,$$$$
1844,4. Boga Superfoods,9.2,Sandwich Spot,$
1845,5. Signor Sassi,9.2,Italian,$$
1846,6. BLANCA,9.2,Pizza,$
1847,7. Flour & Firewood,9.2,Bakery,$
1848,8. مقصف Muqsaf 90,9.2,Breakfast,$
1849,9. Fawal Alafrah,9.1,Breakfast,$
1850,10. FISHFACE,9.1,Poke Restaurant,$$
1851,11. LA RUSTICA Pizzeria,9.1,Pizza,$$
1852,12. San Carlo Cicchetti,9.1,Italian,$
1853,13. Urth Caffé,9.1,Café,$$
1854,14. BACO,9.1,Asian,$
1855,15. TRIESTE,9.1,Café,$$$$
1856,16. PORTERHOUSE,9.0,Steakhouse,$
1857,17. ‏Ajam Coffee,9.0,Café,$
1858,18. Urth caffé,9.0,Food Court,$$$
1859,19. WAGYU,9.0,Burgers,$$
1860,20. Fuchsia,9.0,Armenian,$
1861,21. Burj Al Hamam Bistro,9.0,Lebanese,$
1862,22. Burger Boutique,9.0,Burgers,$
1863,23. Aleppo,9.0,Middle Eastern,$
1864,1. The California Burger,9.4,Burgers,$
1865,2. LPM,9.3,French,$$$
1866,3. Myazū,9.3,Japanese,$$$$
1867,4. Boga Superfoods,9.2,Sandwich Spot,$
1868,5. Signor Sassi,9.2,Italian,$$
1869,6. BLANCA,9.2,Pizza,$
1870,7. Flour & Firewood,9.2,Bakery,$
1871,8. مقصف Muqsaf 90,9.2,Breakfast,$
1872,9. Fawal Alafrah,9.1,Breakfast,$
1873,10. FISHFACE,9.1,Poke Restaurant,$$
1874,11. LA RUSTICA Pizzeria,9.1,Pizza,$$
1875,12. San Carlo Cicchetti,9.1,Italian,$
1876,13. Urth Caffé,9.1,Café,$$
1877,14. BACO,9.1,Asian,$
1878,15. TRIESTE,9.1,Café,$$$$
1879,16. PORTERHOUSE,9.0,Steakhouse,$
1880,17. ‏Ajam Coffee,9.0,Café,$
1881,18. Urth caffé,9.0,Food Court,$$$
1882,19. WAGYU,9.0,Burgers,$$
1883,20. Fuchsia,9.0,Armenian,$
1884,21. Burj Al Hamam Bistro,9.0,Lebanese,$
1885,22. Burger Boutique,9.0,Burgers,$
1886,23. Aleppo,9.0,Middle Eastern,$
1887,1. The California Burger,9.4,Burgers,$
1888,2. LPM,9.3,French,$$$
1889,3. Myazū,9.3,Japanese,$$$$
1890,4. Boga Superfoods,9.2,Sandwich Spot,$
1891,5. Signor Sassi,9.2,Italian,$$
1892,6. BLANCA,9.2,Pizza,$
1893,7. Flour & Firewood,9.2,Bakery,$
1894,8. مقصف Muqsaf 90,9.2,Breakfast,$
1895,9. Fawal Alafrah,9.1,Breakfast,$
1896,10. FISHFACE,9.1,Poke Restaurant,$$
1897,11. LA RUSTICA Pizzeria,9.1,Pizza,$$
1898,12. San Carlo Cicchetti,9.1,Italian,$
1899,13. Urth Caffé,9.1,Café,$$
1900,14. BACO,9.1,Asian,$
1901,15. TRIESTE,9.1,Café,$$$$
1902,16. PORTERHOUSE,9.0,Steakhouse,$
1903,17. ‏Ajam Coffee,9.0,Café,$
1904,18. Urth caffé,9.0,Food Court,$$$
1905,19. WAGYU,9.0,Burgers,$$
1906,20. Fuchsia,9.0,Armenian,$
1907,21. Burj Al Hamam Bistro,9.0,Lebanese,$
1908,22. Burger Boutique,9.0,Burgers,$
1909,23. Aleppo,9.0,Middle Eastern,$
1910,1. Dunkin,9.5,Donuts,$
1911,2. Graph,9.3,Café,$
1912,3. شاهي وجباتي عويس,9.2,Food Truck,$
1913,4. Never Enough,9.2,Bakery,$
1914,5. Breddy,9.1,Bakery,$
1915,6. McDonald's,9.1,Fast Food,$
1916,7. JDN Cafe,9.0,Café,$
1917,1. Dunkin,9.5,Donuts,$
1918,2. Graph,9.3,Café,$
1919,3. شاهي وجباتي عويس,9.2,Food Truck,$
1920,4. Never Enough,9.2,Bakery,$
1921,5. Breddy,9.1,Bakery,$
1922,6. McDonald's,9.1,Fast Food,$
1923,7. JDN Cafe,9.0,Café,$
1924,1. Dunkin,9.5,Donuts,$
1925,2. Graph,9.3,Café,$
1926,3. شاهي وجباتي عويس,9.2,Food Truck,$
1927,4. Never Enough,9.2,Bakery,$
1928,5. Breddy,9.1,Bakery,$
1929,6. McDonald's,9.1,Fast Food,$
1930,7. JDN Cafe,9.0,Café,$
1931,1. Dunkin,9.5,Donuts,$
1932,2. Graph,9.3,Café,$
1933,3. شاهي وجباتي عويس,9.2,Food Truck,$
1934,4. Never Enough,9.2,Bakery,$
1935,5. Breddy,9.1,Bakery,$
1936,6. McDonald's,9.1,Fast Food,$
1937,7. JDN Cafe,9.0,Café,$
1938,1. Dunkin,9.5,Donuts,$
1939,2. Graph,9.3,Café,$
1940,3. شاهي وجباتي عويس,9.2,Food Truck,$
1941,4. Never Enough,9.2,Bakery,$
1942,5. Breddy,9.1,Bakery,$
1943,6. McDonald's,9.1,Fast Food,$
1944,7. JDN Cafe,9.0,Café,$
1945,1. Dunkin,9.5,Donuts,$
1946,2. Graph,9.3,Café,$
1947,3. شاهي وجباتي عويس,9.2,Food Truck,$
1948,4. Never Enough,9.2,Bakery,$
1949,5. Breddy,9.1,Bakery,$
1950,6. McDonald's,9.1,Fast Food,$
1951,7. JDN Cafe,9.0,Café,$
1952,1. Dunkin,9.5,Donuts,$
1953,2. Graph,9.3,Café,$
1954,3. شاهي وجباتي عويس,9.2,Food Truck,$
1955,4. Never Enough,9.2,Bakery,$
1956,5. Breddy,9.1,Bakery,$
1957,6. McDonald's,9.1,Fast Food,$
1958,7. JDN Cafe,9.0,Café,$
1959,1. Dunkin,9.5,Donuts,$
1960,2. Graph,9.3,Café,$
1961,3. شاهي وجباتي عويس,9.2,Food Truck,$
1962,4. Never Enough,9.2,Bakery,$
1963,5. Breddy,9.1,Bakery,$
1964,6. McDonald's,9.1,Fast Food,$
1965,7. JDN Cafe,9.0,Café,$
1966,1. Dunkin,9.5,Donuts,$
1967,2. Graph,9.3,Café,$
1968,3. شاهي وجباتي عويس,9.2,Food Truck,$
1969,4. Never Enough,9.2,Bakery,$
1970,5. Breddy,9.1,Bakery,$
1971,6. McDonald's,9.1,Fast Food,$
1972,7. JDN Cafe,9.0,Café,$
1973,1. Dunkin,9.5,Donuts,$
1974,2. Graph,9.3,Café,$
1975,3. شاهي وجباتي عويس,9.2,Food Truck,$
1976,4. Never Enough,9.2,Bakery,$
1977,5. Breddy,9.1,Bakery,$
1978,6. McDonald's,9.1,Fast Food,$
1979,7. JDN Cafe,9.0,Café,$
1980,1. Myazū,9.3,Japanese,$$$$
1981,2. Marble Cuisine,9.2,Steakhouse,$$$$
1982,3. Copper,9.0,Steakhouse,$$$$
1983,4. PORTERHOUSE,9.0,Steakhouse,$$$$
1984,1. Myazū,9.3,Japanese,$$$$
1985,2. Marble Cuisine,9.2,Steakhouse,$$$$
1986,3. Copper,9.0,Steakhouse,$$$$
1987,4. PORTERHOUSE,9.0,Steakhouse,$$$$
1988,1. Myazū,9.3,Japanese,$$$$
1989,2. Marble Cuisine,9.2,Steakhouse,$$$$
1990,3. Copper,9.0,Steakhouse,$$$$
1991,4. PORTERHOUSE,9.0,Steakhouse,$$$$
1992,1. Myazū,9.3,Japanese,$$$$
1993,2. Marble Cuisine,9.2,Steakhouse,$$$$
1994,3. Copper,9.0,Steakhouse,$$$$
1995,4. PORTERHOUSE,9.0,Steakhouse,$$$$
1996,1. Myazū,9.3,Japanese,$$$$
1997,2. Marble Cuisine,9.2,Steakhouse,$$$$
1998,3. Copper,9.0,Steakhouse,$$$$
1999,4. PORTERHOUSE,9.0,Steakhouse,$$$$
2000,1. Myazū,9.3,Japanese,$$$$
2001,2. Marble Cuisine,9.2,Steakhouse,$$$$
2002,3. Copper,9.0,Steakhouse,$$$$
2003,4. PORTERHOUSE,9.0,Steakhouse,$$$$
2004,1. Myazū,9.3,Japanese,$$$$
2005,2. Marble Cuisine,9.2,Steakhouse,$$$$
2006,3. Copper,9.0,Steakhouse,$$$$
2007,4. PORTERHOUSE,9.0,Steakhouse,$$$$
2008,1. Myazū,9.3,Japanese,$$$$
2009,2. Marble Cuisine,9.2,Steakhouse,$$$$
2010,3. Copper,9.0,Steakhouse,$$$$
2011,4. PORTERHOUSE,9.0,Steakhouse,$$$$
2012,1. Myazū,9.3,Japanese,$$$$
2013,2. Marble Cuisine,9.2,Steakhouse,$$$$
2014,3. Copper,9.0,Steakhouse,$$$$
2015,4. PORTERHOUSE,9.0,Steakhouse,$$$$
2016,1. Myazū,9.3,Japanese,$$$$
2017,2. Marble Cuisine,9.2,Steakhouse,$$$$
2018,3. Copper,9.0,Steakhouse,$$$$
2019,4. PORTERHOUSE,9.0,Steakhouse,$$$$
2020,1. Knoll Coffee Roasters,9.6,Café,$
2021,2. Red Box,9.5,Restaurant,$
2022,3. Dunkin’ Donuts Drive Thru,9.4,Donuts,$
2023,4. The California Burger,9.4,Burgers,$
2024,5. ساين,9.4,Burgers,$
2025,6. Oregano Pizzeria,9.4,Pizza,$
2026,7. AlNaqaa,9.4,Breakfast,$
2027,8. محمصة اليوم الثامن,9.4,Café,$
2028,9. شاي وسمسم,9.4,Café,$$$$
2029,10. Myazū,9.3,Japanese,$
2030,11. WHJ CAFE,9.3,Café,$
2031,12. Al Afrah Restaurant,9.3,Breakfast,$
2032,13. DIA BAKERY,9.3,Bakery,$
2033,14. بوفية فهد كبدة غنم وحاشي,9.3,Breakfast,$
2034,15. فرن صحيفة وفطائر شامية,9.3,Bakery,$
2035,16. Stones,9.3,Café,$
2036,17. Sakaf Cafe,9.3,Café,$
2037,18. Boga Superfoods,9.2,Sandwich Spot,$
2038,19. بلوف,9.2,Restaurant,$
2039,20. Al Hatab Bakery,9.2,Bakery,$$
2040,21. Al Hatab Bakery,9.2,Bakery,$$
2041,22. Signor Sassi,9.2,Italian,$$
2042,23. مطاعم ومطابخ باخلعه- مندي ومكتوم,9.2,Middle Eastern,$
2043,24. Armin,9.2,Eastern European,$$
2044,25. AlKadesiya Bakery,9.2,Bakery,$
2045,26. Armin,9.2,Mediterranean,$
2046,27. BLANCA,9.2,Pizza,$
2047,28. محامص ومطاحن السوادي,9.2,Snacks,$
2048,1. Knoll Coffee Roasters,9.6,Café,$
2049,2. Red Box,9.5,Restaurant,$
2050,3. Dunkin’ Donuts Drive Thru,9.4,Donuts,$
2051,4. The California Burger,9.4,Burgers,$
2052,5. ساين,9.4,Burgers,$
2053,6. Oregano Pizzeria,9.4,Pizza,$
2054,7. AlNaqaa,9.4,Breakfast,$
2055,8. محمصة اليوم الثامن,9.4,Café,$
2056,9. شاي وسمسم,9.4,Café,$$$$
2057,10. Myazū,9.3,Japanese,$
2058,11. WHJ CAFE,9.3,Café,$
2059,12. Al Afrah Restaurant,9.3,Breakfast,$
2060,13. DIA BAKERY,9.3,Bakery,$
2061,14. بوفية فهد كبدة غنم وحاشي,9.3,Breakfast,$
2062,15. فرن صحيفة وفطائر شامية,9.3,Bakery,$
2063,16. Stones,9.3,Café,$
2064,17. Sakaf Cafe,9.3,Café,$
2065,18. Boga Superfoods,9.2,Sandwich Spot,$
2066,19. بلوف,9.2,Restaurant,$
2067,20. Al Hatab Bakery,9.2,Bakery,$$
2068,21. Al Hatab Bakery,9.2,Bakery,$$
2069,22. Signor Sassi,9.2,Italian,$$
2070,23. مطاعم ومطابخ باخلعه- مندي ومكتوم,9.2,Middle Eastern,$
2071,24. Armin,9.2,Eastern European,$$
2072,25. AlKadesiya Bakery,9.2,Bakery,$
2073,26. Armin,9.2,Mediterranean,$
2074,27. BLANCA,9.2,Pizza,$
2075,28. محامص ومطاحن السوادي,9.2,Snacks,$
2076,1. Knoll Coffee Roasters,9.6,Café,$
2077,2. Red Box,9.5,Restaurant,$
2078,3. Dunkin’ Donuts Drive Thru,9.4,Donuts,$
2079,4. The California Burger,9.4,Burgers,$
2080,5. ساين,9.4,Burgers,$
2081,6. Oregano Pizzeria,9.4,Pizza,$
2082,7. AlNaqaa,9.4,Breakfast,$
2083,8. محمصة اليوم الثامن,9.4,Café,$
2084,9. شاي وسمسم,9.4,Café,$$$$
2085,10. Myazū,9.3,Japanese,$
2086,11. WHJ CAFE,9.3,Café,$
2087,12. Al Afrah Restaurant,9.3,Breakfast,$
2088,13. DIA BAKERY,9.3,Bakery,$
2089,14. بوفية فهد كبدة غنم وحاشي,9.3,Breakfast,$
2090,15. فرن صحيفة وفطائر شامية,9.3,Bakery,$
2091,16. Stones,9.3,Café,$
2092,17. Sakaf Cafe,9.3,Café,$
2093,18. Boga Superfoods,9.2,Sandwich Spot,$
2094,19. بلوف,9.2,Restaurant,$
2095,20. Al Hatab Bakery,9.2,Bakery,$$
2096,21. Al Hatab Bakery,9.2,Bakery,$$
2097,22. Signor Sassi,9.2,Italian,$$
2098,23. مطاعم ومطابخ باخلعه- مندي ومكتوم,9.2,Middle Eastern,$
2099,24. Armin,9.2,Eastern European,$$
2100,25. AlKadesiya Bakery,9.2,Bakery,$
2101,26. Armin,9.2,Mediterranean,$
2102,27. BLANCA,9.2,Pizza,$
2103,28. محامص ومطاحن السوادي,9.2,Snacks,$
2104,1. Knoll Coffee Roasters,9.6,Café,$
2105,2. Red Box,9.5,Restaurant,$
2106,3. Dunkin’ Donuts Drive Thru,9.4,Donuts,$
2107,4. The California Burger,9.4,Burgers,$
2108,5. ساين,9.4,Burgers,$
2109,6. Oregano Pizzeria,9.4,Pizza,$
2110,7. AlNaqaa,9.4,Breakfast,$
2111,8. محمصة اليوم الثامن,9.4,Café,$
2112,9. شاي وسمسم,9.4,Café,$$$$
2113,10. Myazū,9.3,Japanese,$
2114,11. WHJ CAFE,9.3,Café,$
2115,12. Al Afrah Restaurant,9.3,Breakfast,$
2116,13. DIA BAKERY,9.3,Bakery,$
2117,14. بوفية فهد كبدة غنم وحاشي,9.3,Breakfast,$
2118,15. فرن صحيفة وفطائر شامية,9.3,Bakery,$
2119,16. Stones,9.3,Café,$
2120,17. Sakaf Cafe,9.3,Café,$
2121,18. Boga Superfoods,9.2,Sandwich Spot,$
2122,19. بلوف,9.2,Restaurant,$
2123,20. Al Hatab Bakery,9.2,Bakery,$$
2124,21. Al Hatab Bakery,9.2,Bakery,$$
2125,22. Signor Sassi,9.2,Italian,$$
2126,23. مطاعم ومطابخ باخلعه- مندي ومكتوم,9.2,Middle Eastern,$
2127,24. Armin,9.2,Eastern European,$$
2128,25. AlKadesiya Bakery,9.2,Bakery,$
2129,26. Armin,9.2,Mediterranean,$
2130,27. BLANCA,9.2,Pizza,$
2131,28. محامص ومطاحن السوادي,9.2,Snacks,$
2132,1. Knoll Coffee Roasters,9.6,Café,$
2133,2. Red Box,9.5,Restaurant,$
2134,3. Dunkin’ Donuts Drive Thru,9.4,Donuts,$
2135,4. The California Burger,9.4,Burgers,$
2136,5. ساين,9.4,Burgers,$
2137,6. Oregano Pizzeria,9.4,Pizza,$
2138,7. AlNaqaa,9.4,Breakfast,$
2139,8. محمصة اليوم الثامن,9.4,Café,$
2140,9. شاي وسمسم,9.4,Café,$$$$
2141,10. Myazū,9.3,Japanese,$
2142,11. WHJ CAFE,9.3,Café,$
2143,12. Al Afrah Restaurant,9.3,Breakfast,$
2144,13. DIA BAKERY,9.3,Bakery,$
2145,14. بوفية فهد كبدة غنم وحاشي,9.3,Breakfast,$
2146,15. فرن صحيفة وفطائر شامية,9.3,Bakery,$
2147,16. Stones,9.3,Café,$
2148,17. Sakaf Cafe,9.3,Café,$
2149,18. Boga Superfoods,9.2,Sandwich Spot,$
2150,19. بلوف,9.2,Restaurant,$
2151,20. Al Hatab Bakery,9.2,Bakery,$$
2152,21. Al Hatab Bakery,9.2,Bakery,$$
2153,22. Signor Sassi,9.2,Italian,$$
2154,23. مطاعم ومطابخ باخلعه- مندي ومكتوم,9.2,Middle Eastern,$
2155,24. Armin,9.2,Eastern European,$$
2156,25. AlKadesiya Bakery,9.2,Bakery,$
2157,26. Armin,9.2,Mediterranean,$
2158,27. BLANCA,9.2,Pizza,$
2159,28. محامص ومطاحن السوادي,9.2,Snacks,$
2160,1. Knoll Coffee Roasters,9.6,Café,$
2161,2. Red Box,9.5,Restaurant,$
2162,3. Dunkin’ Donuts Drive Thru,9.4,Donuts,$
2163,4. The California Burger,9.4,Burgers,$
2164,5. ساين,9.4,Burgers,$
2165,6. Oregano Pizzeria,9.4,Pizza,$
2166,7. AlNaqaa,9.4,Breakfast,$
2167,8. محمصة اليوم الثامن,9.4,Café,$
2168,9. شاي وسمسم,9.4,Café,$$$$
2169,10. Myazū,9.3,Japanese,$
2170,11. WHJ CAFE,9.3,Café,$
2171,12. Al Afrah Restaurant,9.3,Breakfast,$
2172,13. DIA BAKERY,9.3,Bakery,$
2173,14. بوفية فهد كبدة غنم وحاشي,9.3,Breakfast,$
2174,15. فرن صحيفة وفطائر شامية,9.3,Bakery,$
2175,16. Stones,9.3,Café,$
2176,17. Sakaf Cafe,9.3,Café,$
2177,18. Boga Superfoods,9.2,Sandwich Spot,$
2178,19. بلوف,9.2,Restaurant,$
2179,20. Al Hatab Bakery,9.2,Bakery,$$
2180,21. Al Hatab Bakery,9.2,Bakery,$$
2181,22. Signor Sassi,9.2,Italian,$$
2182,23. مطاعم ومطابخ باخلعه- مندي ومكتوم,9.2,Middle Eastern,$
2183,24. Armin,9.2,Eastern European,$$
2184,25. AlKadesiya Bakery,9.2,Bakery,$
2185,26. Armin,9.2,Mediterranean,$
2186,27. BLANCA,9.2,Pizza,$
2187,28. محامص ومطاحن السوادي,9.2,Snacks,$
2188,1. Knoll Coffee Roasters,9.6,Café,$
2189,2. Red Box,9.5,Restaurant,$
2190,3. Dunkin’ Donuts Drive Thru,9.4,Donuts,$
2191,4. The California Burger,9.4,Burgers,$
2192,5. ساين,9.4,Burgers,$
2193,6. Oregano Pizzeria,9.4,Pizza,$
2194,7. AlNaqaa,9.4,Breakfast,$
2195,8. محمصة اليوم الثامن,9.4,Café,$
2196,9. شاي وسمسم,9.4,Café,$$$$
2197,10. Myazū,9.3,Japanese,$
2198,11. WHJ CAFE,9.3,Café,$
2199,12. Al Afrah Restaurant,9.3,Breakfast,$
2200,13. DIA BAKERY,9.3,Bakery,$
2201,14. بوفية فهد كبدة غنم وحاشي,9.3,Breakfast,$
2202,15. فرن صحيفة وفطائر شامية,9.3,Bakery,$
2203,16. Stones,9.3,Café,$
2204,17. Sakaf Cafe,9.3,Café,$
2205,18. Boga Superfoods,9.2,Sandwich Spot,$
2206,19. بلوف,9.2,Restaurant,$
2207,20. Al Hatab Bakery,9.2,Bakery,$$
2208,21. Al Hatab Bakery,9.2,Bakery,$$
2209,22. Signor Sassi,9.2,Italian,$$
2210,23. مطاعم ومطابخ باخلعه- مندي ومكتوم,9.2,Middle Eastern,$
2211,24. Armin,9.2,Eastern European,$$
2212,25. AlKadesiya Bakery,9.2,Bakery,$
2213,26. Armin,9.2,Mediterranean,$
2214,27. BLANCA,9.2,Pizza,$
2215,28. محامص ومطاحن السوادي,9.2,Snacks,$
2216,1. Knoll Coffee Roasters,9.6,Café,$
2217,2. Red Box,9.5,Restaurant,$
2218,3. Dunkin’ Donuts Drive Thru,9.4,Donuts,$
2219,4. The California Burger,9.4,Burgers,$
2220,5. ساين,9.4,Burgers,$
2221,6. Oregano Pizzeria,9.4,Pizza,$
2222,7. AlNaqaa,9.4,Breakfast,$
2223,8. محمصة اليوم الثامن,9.4,Café,$
2224,9. شاي وسمسم,9.4,Café,$$$$
2225,10. Myazū,9.3,Japanese,$
2226,11. WHJ CAFE,9.3,Café,$
2227,12. Al Afrah Restaurant,9.3,Breakfast,$
2228,13. DIA BAKERY,9.3,Bakery,$
2229,14. بوفية فهد كبدة غنم وحاشي,9.3,Breakfast,$
2230,15. فرن صحيفة وفطائر شامية,9.3,Bakery,$
2231,16. Stones,9.3,Café,$
2232,17. Sakaf Cafe,9.3,Café,$
2233,18. Boga Superfoods,9.2,Sandwich Spot,$
2234,19. بلوف,9.2,Restaurant,$
2235,20. Al Hatab Bakery,9.2,Bakery,$$
2236,21. Al Hatab Bakery,9.2,Bakery,$$
2237,22. Signor Sassi,9.2,Italian,$$
2238,23. مطاعم ومطابخ باخلعه- مندي ومكتوم,9.2,Middle Eastern,$
2239,24. Armin,9.2,Eastern European,$$
2240,25. AlKadesiya Bakery,9.2,Bakery,$
2241,26. Armin,9.2,Mediterranean,$
2242,27. BLANCA,9.2,Pizza,$
2243,28. محامص ومطاحن السوادي,9.2,Snacks,$
2244,1. Knoll Coffee Roasters,9.6,Café,$
2245,2. Red Box,9.5,Restaurant,$
2246,3. Dunkin’ Donuts Drive Thru,9.4,Donuts,$
2247,4. The California Burger,9.4,Burgers,$
2248,5. ساين,9.4,Burgers,$
2249,6. Oregano Pizzeria,9.4,Pizza,$
2250,7. AlNaqaa,9.4,Breakfast,$
2251,8. محمصة اليوم الثامن,9.4,Café,$
2252,9. شاي وسمسم,9.4,Café,$$$$
2253,10. Myazū,9.3,Japanese,$
2254,11. WHJ CAFE,9.3,Café,$
2255,12. Al Afrah Restaurant,9.3,Breakfast,$
2256,13. DIA BAKERY,9.3,Bakery,$
2257,14. بوفية فهد كبدة غنم وحاشي,9.3,Breakfast,$
2258,15. فرن صحيفة وفطائر شامية,9.3,Bakery,$
2259,16. Stones,9.3,Café,$
2260,17. Sakaf Cafe,9.3,Café,$
2261,18. Boga Superfoods,9.2,Sandwich Spot,$
2262,19. بلوف,9.2,Restaurant,$
2263,20. Al Hatab Bakery,9.2,Bakery,$$
2264,21. Al Hatab Bakery,9.2,Bakery,$$
2265,22. Signor Sassi,9.2,Italian,$$
2266,23. مطاعم ومطابخ باخلعه- مندي ومكتوم,9.2,Middle Eastern,$
2267,24. Armin,9.2,Eastern European,$$
2268,25. AlKadesiya Bakery,9.2,Bakery,$
2269,26. Armin,9.2,Mediterranean,$
2270,27. BLANCA,9.2,Pizza,$
2271,28. محامص ومطاحن السوادي,9.2,Snacks,$
2272,1. Knoll Coffee Roasters,9.6,Café,$
2273,2. Red Box,9.5,Restaurant,$
2274,3. Dunkin’ Donuts Drive Thru,9.4,Donuts,$
2275,4. The California Burger,9.4,Burgers,$
2276,5. ساين,9.4,Burgers,$
2277,6. Oregano Pizzeria,9.4,Pizza,$
2278,7. AlNaqaa,9.4,Breakfast,$
2279,8. محمصة اليوم الثامن,9.4,Café,$
2280,9. شاي وسمسم,9.4,Café,$$$$
2281,10. Myazū,9.3,Japanese,$
2282,11. WHJ CAFE,9.3,Café,$
2283,12. Al Afrah Restaurant,9.3,Breakfast,$
2284,13. DIA BAKERY,9.3,Bakery,$
2285,14. بوفية فهد كبدة غنم وحاشي,9.3,Breakfast,$
2286,15. فرن صحيفة وفطائر شامية,9.3,Bakery,$
2287,16. Stones,9.3,Café,$
2288,17. Sakaf Cafe,9.3,Café,$
2289,18. Boga Superfoods,9.2,Sandwich Spot,$
2290,19. بلوف,9.2,Restaurant,$
2291,20. Al Hatab Bakery,9.2,Bakery,$$
2292,21. Al Hatab Bakery,9.2,Bakery,$$
2293,22. Signor Sassi,9.2,Italian,$$
2294,23. مطاعم ومطابخ باخلعه- مندي ومكتوم,9.2,Middle Eastern,$
2295,24. Armin,9.2,Eastern European,$$
2296,25. AlKadesiya Bakery,9.2,Bakery,$
2297,26. Armin,9.2,Mediterranean,$
2298,27. BLANCA,9.2,Pizza,$
2299,28. محامص ومطاحن السوادي,9.2,Snacks,$
